<?xml version="1.0" encoding="UTF-8"?>
<!--
 This is a WordPress eXtended RSS file generated by WordPress as an export of your site.
 It contains information about your site's posts, pages, comments, categories, and other content.
 You may use this file to transfer that content from one site to another.
 This file is not intended to serve as a complete backup of your site.

 To import this information into a WordPress site follow these steps:
 1. Log in to that site as an administrator.
 2. Go to Tools: Import in the WordPress admin panel.
 3. Install the "WordPress" importer from the list.
 4. Activate & Run Importer.
 5. Upload this file using the form provided on that page.
 6. You will first be asked to map the authors in this export file to users
    on the site. For each author, you may choose to map to an
    existing user on the site or to create a new user.
 7. WordPress will then import each of the posts, pages, comments, categories, etc.
    contained in this file into your site.
-->
<!-- generator="WordPress.com" created="2025-03-19 00:08"-->
<rss version="2.0" xmlns:excerpt="http://wordpress.org/export/1.2/excerpt/" xmlns:content="http://purl.org/rss/1.0/modules/content/" xmlns:wfw="http://wellformedweb.org/CommentAPI/" xmlns:dc="http://purl.org/dc/elements/1.1/" xmlns:wp="http://wordpress.org/export/1.2/">
  <channel>
<title>Mateo Gavilanes</title>
<link>https://mateogavilanes.wordpress.com</link>
<description/>
<pubDate>Wed, 19 Mar 2025 00:08:07 +0000</pubDate>
<language>es</language>
<wp:wxr_version>1.2</wp:wxr_version>
<wp:base_site_url>http://wordpress.com/</wp:base_site_url>
<wp:base_blog_url>https://mateogavilanes.wordpress.com</wp:base_blog_url>
<wp:author>
  <wp:author_id>261470389</wp:author_id>
  <wp:author_login>mateoochoa2510</wp:author_login>
  <wp:author_email>mateoochoa2510@gmail.com</wp:author_email>
  <wp:author_display_name><![CDATA[Mateo Ochoa]]></wp:author_display_name>
  <wp:author_first_name><![CDATA[Mateo]]></wp:author_first_name>
  <wp:author_last_name><![CDATA[Ochoa]]></wp:author_last_name>
</wp:author>
<wp:category>
  <wp:term_id>1</wp:term_id>
  <wp:category_nicename>uncategorized</wp:category_nicename>
  <wp:category_parent/>
  <wp:cat_name><![CDATA[Uncategorized]]></wp:cat_name>
</wp:category>
<generator>http://wordpress.com/</generator>
<image>
		<url>http://s0.wp.com/i/buttonw-com.png</url>
		<title>Mateo Gavilanes</title>
		<link>https://mateogavilanes.wordpress.com</link>
	</image>
	<item>
  <title><![CDATA[About]]></title>
  <link>https://mateogavilanes.wordpress.com/about/</link>
  <pubDate>Thu, 30 Jan 2025 23:56:39 +0000</pubDate>
  <dc:creator>mateoochoa2510</dc:creator>
  <guid isPermaLink="false">http://mateogavilanes.wordpress.com/?page_id=1</guid>
  <description/>
  <content:encoded><![CDATA[<!-- wp:paragraph -->
<p>This is an example of a page. Unlike posts, which are displayed on your blog’s front page in the order they’re published, pages are better suited for more timeless content that you want to be easily accessible, like your About or Contact information. Click the Edit link to make changes to this page or <a title="Direct link to Add New Page in your Dashboard" href="https://wordpress.com/page/241240320/new/">add another page</a>.</p>
<!-- /wp:paragraph -->]]></content:encoded>
  <excerpt:encoded><![CDATA[]]></excerpt:encoded>
  <wp:post_id>1</wp:post_id>
  <wp:post_date>2025-01-30 23:56:39</wp:post_date>
  <wp:post_date_gmt>2025-01-30 23:56:39</wp:post_date_gmt>
  <wp:post_modified>2025-01-30 23:56:39</wp:post_modified>
  <wp:post_modified_gmt>2025-01-30 23:56:39</wp:post_modified_gmt>
  <wp:comment_status>closed</wp:comment_status>
  <wp:ping_status>open</wp:ping_status>
  <wp:post_name>about</wp:post_name>
  <wp:status>publish</wp:status>
  <wp:post_parent>0</wp:post_parent>
  <wp:menu_order>0</wp:menu_order>
  <wp:post_type>page</wp:post_type>
  <wp:post_password/>
  <wp:is_sticky>0</wp:is_sticky>
  <wp:postmeta>
    <wp:meta_key>_wp_page_template</wp:meta_key>
    <wp:meta_value><![CDATA[default]]></wp:meta_value>
  </wp:postmeta>
  <wp:postmeta>
    <wp:meta_key>_elasticsearch_data_sharing_indexed_on</wp:meta_key>
    <wp:meta_value><![CDATA[2025-01-30 23:56:51]]></wp:meta_value>
  </wp:postmeta>
</item>
<item>
  <title><![CDATA[El arte de la conexión]]></title>
  <link>https://mateogavilanes.wordpress.com/2025/01/30/el-arte-de-la-conexion/</link>
  <pubDate>Thu, 30 Jan 2025 23:53:00 +0000</pubDate>
  <dc:creator>mateoochoa2510</dc:creator>
  <guid isPermaLink="false">https://mateogavilanes.wordpress.com/2025/01/30/el-arte-de-la-conexion/</guid>
  <description/>
  <content:encoded><![CDATA[<!-- wp:paragraph -->
<p>Te damos la bienvenida a WordPress. Esta es una entrada de ejemplo. Empieza tu andadura en el mundo bloguero editándola o borrándola. Para añadir más contenido aquí, haz clic en el pequeño icono del signo más situado en la esquina superior izquierda. Allí encontrarás una selección de bloques y patrones de WordPress que se adaptan a todas tus necesidades de creación de contenidos. Y no te olvides de echar un vistazo a la vista de lista: haz clic en el icono que hay unos puntos a la derecha del icono del signo más y obtendrás una lista ordenada y fácil de ver de los bloques y patrones de tu entrada.</p>
<!-- /wp:paragraph -->]]></content:encoded>
  <excerpt:encoded><![CDATA[En un mundo en constante evolución, el arte de forjar conexiones genuinas sigue siendo atemporal. Ya sea con compañeros, clientes o socios, establecer una relación auténtica allana el camino hacia el éxito de la colaboración.]]></excerpt:encoded>
  <wp:post_id>5</wp:post_id>
  <wp:post_date>2025-01-30 18:53:00</wp:post_date>
  <wp:post_date_gmt>2025-01-30 23:53:00</wp:post_date_gmt>
  <wp:post_modified>2025-01-30 18:53:00</wp:post_modified>
  <wp:post_modified_gmt>2025-01-30 23:53:00</wp:post_modified_gmt>
  <wp:comment_status>closed</wp:comment_status>
  <wp:ping_status>closed</wp:ping_status>
  <wp:post_name>el-arte-de-la-conexion</wp:post_name>
  <wp:status>publish</wp:status>
  <wp:post_parent>0</wp:post_parent>
  <wp:menu_order>0</wp:menu_order>
  <wp:post_type>post</wp:post_type>
  <wp:post_password/>
  <wp:is_sticky>0</wp:is_sticky>
  <category domain="category" nicename="uncategorized"><![CDATA[Uncategorized]]></category>
  <wp:postmeta>
    <wp:meta_key>_wpas_skip_all_services</wp:meta_key>
    <wp:meta_value><![CDATA[1]]></wp:meta_value>
  </wp:postmeta>
  <wp:postmeta>
    <wp:meta_key>_hs_old_id</wp:meta_key>
    <wp:meta_value><![CDATA[]]></wp:meta_value>
  </wp:postmeta>
  <wp:postmeta>
    <wp:meta_key>_starter_page_template</wp:meta_key>
    <wp:meta_value><![CDATA[]]></wp:meta_value>
  </wp:postmeta>
  <wp:postmeta>
    <wp:meta_key>switch_like_status</wp:meta_key>
    <wp:meta_value><![CDATA[a:1:{i:0;N;}]]></wp:meta_value>
  </wp:postmeta>
  <wp:postmeta>
    <wp:meta_key>sharing_disabled</wp:meta_key>
    <wp:meta_value><![CDATA[a:1:{i:0;N;}]]></wp:meta_value>
  </wp:postmeta>
  <wp:postmeta>
    <wp:meta_key>_headstart_post</wp:meta_key>
    <wp:meta_value><![CDATA[_hs_extra]]></wp:meta_value>
  </wp:postmeta>
  <wp:postmeta>
    <wp:meta_key>_publicize_pending</wp:meta_key>
    <wp:meta_value><![CDATA[1]]></wp:meta_value>
  </wp:postmeta>
  <wp:postmeta>
    <wp:meta_key>_thumbnail_id</wp:meta_key>
    <wp:meta_value><![CDATA[11]]></wp:meta_value>
  </wp:postmeta>
  <wp:postmeta>
    <wp:meta_key>_elasticsearch_data_sharing_indexed_on</wp:meta_key>
    <wp:meta_value><![CDATA[2025-01-30 23:58:10]]></wp:meta_value>
  </wp:postmeta>
</item>
<item>
  <title><![CDATA[Custom Styles]]></title>
  <link>https://mateogavilanes.wordpress.com/2025/01/30/wp-global-styles-pub%2ftwentytwentyfive/</link>
  <pubDate>Thu, 30 Jan 2025 23:56:52 +0000</pubDate>
  <dc:creator>mateoochoa2510</dc:creator>
  <guid isPermaLink="false">https://mateogavilanes.wordpress.com/2025/01/30/wp-global-styles-pub%2ftwentytwentyfive/</guid>
  <description/>
  <content:encoded><![CDATA[{"version":3,"isGlobalStylesUserThemeJSON":true}]]></content:encoded>
  <excerpt:encoded><![CDATA[]]></excerpt:encoded>
  <wp:post_id>3</wp:post_id>
  <wp:post_date>2025-01-30 18:56:52</wp:post_date>
  <wp:post_date_gmt>2025-01-30 23:56:52</wp:post_date_gmt>
  <wp:post_modified>2025-01-30 18:56:52</wp:post_modified>
  <wp:post_modified_gmt>2025-01-30 23:56:52</wp:post_modified_gmt>
  <wp:comment_status>closed</wp:comment_status>
  <wp:ping_status>closed</wp:ping_status>
  <wp:post_name>wp-global-styles-pub%2ftwentytwentyfive</wp:post_name>
  <wp:status>publish</wp:status>
  <wp:post_parent>0</wp:post_parent>
  <wp:menu_order>0</wp:menu_order>
  <wp:post_type>wp_global_styles</wp:post_type>
  <wp:post_password/>
  <wp:is_sticky>0</wp:is_sticky>
  <category domain="wp_theme" nicename="twentytwentyfive"><![CDATA[twentytwentyfive]]></category>
  <wp:postmeta>
    <wp:meta_key>_publicize_pending</wp:meta_key>
    <wp:meta_value><![CDATA[1]]></wp:meta_value>
  </wp:postmeta>
</item>
<item>
  <title><![CDATA[Custom Styles]]></title>
  <link>https://mateogavilanes.wordpress.com/2025/01/30/wp-global-styles-pub%2ffewer/</link>
  <pubDate>Thu, 30 Jan 2025 23:57:57 +0000</pubDate>
  <dc:creator>mateoochoa2510</dc:creator>
  <guid isPermaLink="false">https://mateogavilanes.wordpress.com/2025/01/30/wp-global-styles-pub%2ffewer/</guid>
  <description/>
  <content:encoded><![CDATA[{"version":3,"isGlobalStylesUserThemeJSON":true}]]></content:encoded>
  <excerpt:encoded><![CDATA[]]></excerpt:encoded>
  <wp:post_id>4</wp:post_id>
  <wp:post_date>2025-01-30 18:57:57</wp:post_date>
  <wp:post_date_gmt>2025-01-30 23:57:57</wp:post_date_gmt>
  <wp:post_modified>2025-01-30 18:57:57</wp:post_modified>
  <wp:post_modified_gmt>2025-01-30 23:57:57</wp:post_modified_gmt>
  <wp:comment_status>closed</wp:comment_status>
  <wp:ping_status>closed</wp:ping_status>
  <wp:post_name>wp-global-styles-pub%2ffewer</wp:post_name>
  <wp:status>publish</wp:status>
  <wp:post_parent>0</wp:post_parent>
  <wp:menu_order>0</wp:menu_order>
  <wp:post_type>wp_global_styles</wp:post_type>
  <wp:post_password/>
  <wp:is_sticky>0</wp:is_sticky>
  <category domain="wp_theme" nicename="fewer"><![CDATA[fewer]]></category>
  <wp:postmeta>
    <wp:meta_key>_publicize_pending</wp:meta_key>
    <wp:meta_value><![CDATA[1]]></wp:meta_value>
  </wp:postmeta>
</item>
<item>
  <title><![CDATA[Más allá del obstáculo]]></title>
  <link>https://mateogavilanes.wordpress.com/2025/01/30/mas-alla-del-obstaculo/</link>
  <pubDate>Thu, 30 Jan 2025 23:52:59 +0000</pubDate>
  <dc:creator>mateoochoa2510</dc:creator>
  <guid isPermaLink="false">https://mateogavilanes.wordpress.com/2025/01/30/mas-alla-del-obstaculo/</guid>
  <description/>
  <content:encoded><![CDATA[<!-- wp:paragraph -->
<p>Te damos la bienvenida a WordPress. Esta es una entrada de ejemplo. Empieza tu andadura en el mundo bloguero editándola o borrándola. Para añadir más contenido aquí, haz clic en el pequeño icono del signo más situado en la esquina superior izquierda. Allí encontrarás una selección de bloques y patrones de WordPress que se adaptan a todas tus necesidades de creación de contenidos. Y no te olvides de echar un vistazo a la vista de lista: haz clic en el icono que hay unos puntos a la derecha del icono del signo más y obtendrás una lista ordenada y fácil de ver de los bloques y patrones de tu entrada.</p>
<!-- /wp:paragraph -->]]></content:encoded>
  <excerpt:encoded><![CDATA[Los retos en los negocios son un hecho, pero es nuestra respuesta a ellos lo que define nuestra trayectoria. Mirando más allá del obstáculo inmediato, existe un reino de oportunidades y aprendizaje.]]></excerpt:encoded>
  <wp:post_id>6</wp:post_id>
  <wp:post_date>2025-01-30 18:52:59</wp:post_date>
  <wp:post_date_gmt>2025-01-30 23:52:59</wp:post_date_gmt>
  <wp:post_modified>2025-01-30 18:52:59</wp:post_modified>
  <wp:post_modified_gmt>2025-01-30 23:52:59</wp:post_modified_gmt>
  <wp:comment_status>closed</wp:comment_status>
  <wp:ping_status>closed</wp:ping_status>
  <wp:post_name>mas-alla-del-obstaculo</wp:post_name>
  <wp:status>publish</wp:status>
  <wp:post_parent>0</wp:post_parent>
  <wp:menu_order>0</wp:menu_order>
  <wp:post_type>post</wp:post_type>
  <wp:post_password/>
  <wp:is_sticky>0</wp:is_sticky>
  <category domain="category" nicename="uncategorized"><![CDATA[Uncategorized]]></category>
  <wp:postmeta>
    <wp:meta_key>_headstart_post</wp:meta_key>
    <wp:meta_value><![CDATA[_hs_extra]]></wp:meta_value>
  </wp:postmeta>
  <wp:postmeta>
    <wp:meta_key>sharing_disabled</wp:meta_key>
    <wp:meta_value><![CDATA[a:1:{i:0;N;}]]></wp:meta_value>
  </wp:postmeta>
  <wp:postmeta>
    <wp:meta_key>switch_like_status</wp:meta_key>
    <wp:meta_value><![CDATA[a:1:{i:0;N;}]]></wp:meta_value>
  </wp:postmeta>
  <wp:postmeta>
    <wp:meta_key>_starter_page_template</wp:meta_key>
    <wp:meta_value><![CDATA[]]></wp:meta_value>
  </wp:postmeta>
  <wp:postmeta>
    <wp:meta_key>_hs_old_id</wp:meta_key>
    <wp:meta_value><![CDATA[]]></wp:meta_value>
  </wp:postmeta>
  <wp:postmeta>
    <wp:meta_key>_wpas_skip_all_services</wp:meta_key>
    <wp:meta_value><![CDATA[1]]></wp:meta_value>
  </wp:postmeta>
  <wp:postmeta>
    <wp:meta_key>_publicize_pending</wp:meta_key>
    <wp:meta_value><![CDATA[1]]></wp:meta_value>
  </wp:postmeta>
  <wp:postmeta>
    <wp:meta_key>_thumbnail_id</wp:meta_key>
    <wp:meta_value><![CDATA[12]]></wp:meta_value>
  </wp:postmeta>
  <wp:postmeta>
    <wp:meta_key>_elasticsearch_data_sharing_indexed_on</wp:meta_key>
    <wp:meta_value><![CDATA[2025-01-30 23:58:10]]></wp:meta_value>
  </wp:postmeta>
</item>
<item>
  <title><![CDATA[Crecimiento desbloqueado]]></title>
  <link>https://mateogavilanes.wordpress.com/2025/01/30/crecimiento-desbloqueado/</link>
  <pubDate>Thu, 30 Jan 2025 23:52:58 +0000</pubDate>
  <dc:creator>mateoochoa2510</dc:creator>
  <guid isPermaLink="false">https://mateogavilanes.wordpress.com/2025/01/30/crecimiento-desbloqueado/</guid>
  <description/>
  <content:encoded><![CDATA[<!-- wp:paragraph -->
<p>Te damos la bienvenida a WordPress. Esta es una entrada de ejemplo. Empieza tu andadura en el mundo bloguero editándola o borrándola. Para añadir más contenido aquí, haz clic en el pequeño icono del signo más situado en la esquina superior izquierda. Allí encontrarás una selección de bloques y patrones de WordPress que se adaptan a todas tus necesidades de creación de contenidos. Y no te olvides de echar un vistazo a la vista de lista: haz clic en el icono que hay unos puntos a la derecha del icono del signo más y obtendrás una lista ordenada y fácil de ver de los bloques y patrones de tu entrada.</p>
<!-- /wp:paragraph -->]]></content:encoded>
  <excerpt:encoded><![CDATA[Cada empresa tiene un potencial único que espera ser aprovechado. Reconocer las claves para desbloquear este crecimiento puede encaminar a una empresa hacia un éxito sin precedentes.]]></excerpt:encoded>
  <wp:post_id>7</wp:post_id>
  <wp:post_date>2025-01-30 18:52:58</wp:post_date>
  <wp:post_date_gmt>2025-01-30 23:52:58</wp:post_date_gmt>
  <wp:post_modified>2025-01-30 18:52:58</wp:post_modified>
  <wp:post_modified_gmt>2025-01-30 23:52:58</wp:post_modified_gmt>
  <wp:comment_status>closed</wp:comment_status>
  <wp:ping_status>closed</wp:ping_status>
  <wp:post_name>crecimiento-desbloqueado</wp:post_name>
  <wp:status>publish</wp:status>
  <wp:post_parent>0</wp:post_parent>
  <wp:menu_order>0</wp:menu_order>
  <wp:post_type>post</wp:post_type>
  <wp:post_password/>
  <wp:is_sticky>0</wp:is_sticky>
  <category domain="category" nicename="uncategorized"><![CDATA[Uncategorized]]></category>
  <wp:postmeta>
    <wp:meta_key>_headstart_post</wp:meta_key>
    <wp:meta_value><![CDATA[_hs_extra]]></wp:meta_value>
  </wp:postmeta>
  <wp:postmeta>
    <wp:meta_key>sharing_disabled</wp:meta_key>
    <wp:meta_value><![CDATA[a:1:{i:0;N;}]]></wp:meta_value>
  </wp:postmeta>
  <wp:postmeta>
    <wp:meta_key>switch_like_status</wp:meta_key>
    <wp:meta_value><![CDATA[a:1:{i:0;N;}]]></wp:meta_value>
  </wp:postmeta>
  <wp:postmeta>
    <wp:meta_key>_starter_page_template</wp:meta_key>
    <wp:meta_value><![CDATA[]]></wp:meta_value>
  </wp:postmeta>
  <wp:postmeta>
    <wp:meta_key>_hs_old_id</wp:meta_key>
    <wp:meta_value><![CDATA[]]></wp:meta_value>
  </wp:postmeta>
  <wp:postmeta>
    <wp:meta_key>_wpas_skip_all_services</wp:meta_key>
    <wp:meta_value><![CDATA[1]]></wp:meta_value>
  </wp:postmeta>
  <wp:postmeta>
    <wp:meta_key>_publicize_pending</wp:meta_key>
    <wp:meta_value><![CDATA[1]]></wp:meta_value>
  </wp:postmeta>
  <wp:postmeta>
    <wp:meta_key>_elasticsearch_data_sharing_indexed_on</wp:meta_key>
    <wp:meta_value><![CDATA[2025-01-30 23:58:10]]></wp:meta_value>
  </wp:postmeta>
  <wp:postmeta>
    <wp:meta_key>_thumbnail_id</wp:meta_key>
    <wp:meta_value><![CDATA[13]]></wp:meta_value>
  </wp:postmeta>
</item>
<item>
  <title><![CDATA[Magia de la colaboración]]></title>
  <link>https://mateogavilanes.wordpress.com/2025/01/30/magia-de-la-colaboracion/</link>
  <pubDate>Thu, 30 Jan 2025 23:52:57 +0000</pubDate>
  <dc:creator>mateoochoa2510</dc:creator>
  <guid isPermaLink="false">https://mateogavilanes.wordpress.com/2025/01/30/magia-de-la-colaboracion/</guid>
  <description/>
  <content:encoded><![CDATA[<!-- wp:paragraph -->
<p>Te damos la bienvenida a WordPress. Esta es una entrada de ejemplo. Empieza tu andadura en el mundo bloguero editándola o borrándola. Para añadir más contenido aquí, haz clic en el pequeño icono del signo más situado en la esquina superior izquierda. Allí encontrarás una selección de bloques y patrones de WordPress que se adaptan a todas tus necesidades de creación de contenidos. Y no te olvides de echar un vistazo a la vista de lista: haz clic en el icono que hay unos puntos a la derecha del icono del signo más y obtendrás una lista ordenada y fácil de ver de los bloques y patrones de tu entrada.</p>
<!-- /wp:paragraph -->]]></content:encoded>
  <excerpt:encoded><![CDATA[La magia que surge de una colaboración eficaz es innegable. Cuando convergen mentes diversas con un propósito común, los resultados pueden ser transformadores.]]></excerpt:encoded>
  <wp:post_id>8</wp:post_id>
  <wp:post_date>2025-01-30 18:52:57</wp:post_date>
  <wp:post_date_gmt>2025-01-30 23:52:57</wp:post_date_gmt>
  <wp:post_modified>2025-01-30 18:52:57</wp:post_modified>
  <wp:post_modified_gmt>2025-01-30 23:52:57</wp:post_modified_gmt>
  <wp:comment_status>closed</wp:comment_status>
  <wp:ping_status>closed</wp:ping_status>
  <wp:post_name>magia-de-la-colaboracion</wp:post_name>
  <wp:status>publish</wp:status>
  <wp:post_parent>0</wp:post_parent>
  <wp:menu_order>0</wp:menu_order>
  <wp:post_type>post</wp:post_type>
  <wp:post_password/>
  <wp:is_sticky>0</wp:is_sticky>
  <category domain="category" nicename="uncategorized"><![CDATA[Uncategorized]]></category>
  <wp:postmeta>
    <wp:meta_key>_headstart_post</wp:meta_key>
    <wp:meta_value><![CDATA[_hs_extra]]></wp:meta_value>
  </wp:postmeta>
  <wp:postmeta>
    <wp:meta_key>sharing_disabled</wp:meta_key>
    <wp:meta_value><![CDATA[a:1:{i:0;N;}]]></wp:meta_value>
  </wp:postmeta>
  <wp:postmeta>
    <wp:meta_key>switch_like_status</wp:meta_key>
    <wp:meta_value><![CDATA[a:1:{i:0;N;}]]></wp:meta_value>
  </wp:postmeta>
  <wp:postmeta>
    <wp:meta_key>_starter_page_template</wp:meta_key>
    <wp:meta_value><![CDATA[]]></wp:meta_value>
  </wp:postmeta>
  <wp:postmeta>
    <wp:meta_key>_hs_old_id</wp:meta_key>
    <wp:meta_value><![CDATA[]]></wp:meta_value>
  </wp:postmeta>
  <wp:postmeta>
    <wp:meta_key>_wpas_skip_all_services</wp:meta_key>
    <wp:meta_value><![CDATA[1]]></wp:meta_value>
  </wp:postmeta>
  <wp:postmeta>
    <wp:meta_key>_publicize_pending</wp:meta_key>
    <wp:meta_value><![CDATA[1]]></wp:meta_value>
  </wp:postmeta>
  <wp:postmeta>
    <wp:meta_key>_elasticsearch_data_sharing_indexed_on</wp:meta_key>
    <wp:meta_value><![CDATA[2025-01-30 23:58:10]]></wp:meta_value>
  </wp:postmeta>
  <wp:postmeta>
    <wp:meta_key>_thumbnail_id</wp:meta_key>
    <wp:meta_value><![CDATA[14]]></wp:meta_value>
  </wp:postmeta>
</item>
<item>
  <title><![CDATA[Triunfo del trabajo en equipo]]></title>
  <link>https://mateogavilanes.wordpress.com/2025/01/30/triunfo-del-trabajo-en-equipo/</link>
  <pubDate>Thu, 30 Jan 2025 23:52:56 +0000</pubDate>
  <dc:creator>mateoochoa2510</dc:creator>
  <guid isPermaLink="false">https://mateogavilanes.wordpress.com/2025/01/30/triunfo-del-trabajo-en-equipo/</guid>
  <description/>
  <content:encoded><![CDATA[<!-- wp:paragraph -->
<p>Te damos la bienvenida a WordPress. Esta es una entrada de ejemplo. Empieza tu andadura en el mundo bloguero editándola o borrándola. Para añadir más contenido aquí, haz clic en el pequeño icono del signo más situado en la esquina superior izquierda. Allí encontrarás una selección de bloques y patrones de WordPress que se adaptan a todas tus necesidades de creación de contenidos. Y no te olvides de echar un vistazo a la vista de lista: haz clic en el icono que hay unos puntos a la derecha del icono del signo más y obtendrás una lista ordenada y fácil de ver de los bloques y patrones de tu entrada.</p>
<!-- /wp:paragraph -->]]></content:encoded>
  <excerpt:encoded><![CDATA[¿Qué fomenta un trabajo en equipo eficaz? No se trata solo de agrupar individuos y esperar lo mejor. Se trata de cultivar un entorno en el que converjan la confianza, la comunicación abierta, el respeto mutuo y una visión compartida.]]></excerpt:encoded>
  <wp:post_id>9</wp:post_id>
  <wp:post_date>2025-01-30 18:52:56</wp:post_date>
  <wp:post_date_gmt>2025-01-30 23:52:56</wp:post_date_gmt>
  <wp:post_modified>2025-01-30 18:52:56</wp:post_modified>
  <wp:post_modified_gmt>2025-01-30 23:52:56</wp:post_modified_gmt>
  <wp:comment_status>closed</wp:comment_status>
  <wp:ping_status>closed</wp:ping_status>
  <wp:post_name>triunfo-del-trabajo-en-equipo</wp:post_name>
  <wp:status>publish</wp:status>
  <wp:post_parent>0</wp:post_parent>
  <wp:menu_order>0</wp:menu_order>
  <wp:post_type>post</wp:post_type>
  <wp:post_password/>
  <wp:is_sticky>0</wp:is_sticky>
  <category domain="category" nicename="uncategorized"><![CDATA[Uncategorized]]></category>
  <wp:postmeta>
    <wp:meta_key>_headstart_post</wp:meta_key>
    <wp:meta_value><![CDATA[_hs_extra]]></wp:meta_value>
  </wp:postmeta>
  <wp:postmeta>
    <wp:meta_key>sharing_disabled</wp:meta_key>
    <wp:meta_value><![CDATA[a:1:{i:0;N;}]]></wp:meta_value>
  </wp:postmeta>
  <wp:postmeta>
    <wp:meta_key>switch_like_status</wp:meta_key>
    <wp:meta_value><![CDATA[a:1:{i:0;N;}]]></wp:meta_value>
  </wp:postmeta>
  <wp:postmeta>
    <wp:meta_key>_starter_page_template</wp:meta_key>
    <wp:meta_value><![CDATA[]]></wp:meta_value>
  </wp:postmeta>
  <wp:postmeta>
    <wp:meta_key>_hs_old_id</wp:meta_key>
    <wp:meta_value><![CDATA[]]></wp:meta_value>
  </wp:postmeta>
  <wp:postmeta>
    <wp:meta_key>_wpas_skip_all_services</wp:meta_key>
    <wp:meta_value><![CDATA[1]]></wp:meta_value>
  </wp:postmeta>
  <wp:postmeta>
    <wp:meta_key>_publicize_pending</wp:meta_key>
    <wp:meta_value><![CDATA[1]]></wp:meta_value>
  </wp:postmeta>
  <wp:postmeta>
    <wp:meta_key>_elasticsearch_data_sharing_indexed_on</wp:meta_key>
    <wp:meta_value><![CDATA[2025-01-30 23:58:10]]></wp:meta_value>
  </wp:postmeta>
  <wp:postmeta>
    <wp:meta_key>_thumbnail_id</wp:meta_key>
    <wp:meta_value><![CDATA[15]]></wp:meta_value>
  </wp:postmeta>
</item>
<item>
  <title><![CDATA[Ventaja adaptativa]]></title>
  <link>https://mateogavilanes.wordpress.com/2025/01/30/ventaja-adaptativa/</link>
  <pubDate>Thu, 30 Jan 2025 23:52:55 +0000</pubDate>
  <dc:creator>mateoochoa2510</dc:creator>
  <guid isPermaLink="false">https://mateogavilanes.wordpress.com/2025/01/30/ventaja-adaptativa/</guid>
  <description/>
  <content:encoded><![CDATA[<!-- wp:paragraph -->
<p>Te damos la bienvenida a WordPress. Esta es una entrada de ejemplo. Empieza tu andadura en el mundo bloguero editándola o borrándola. Para añadir más contenido aquí, haz clic en el pequeño icono del signo más situado en la esquina superior izquierda. Allí encontrarás una selección de bloques y patrones de WordPress que se adaptan a todas tus necesidades de creación de contenidos. Y no te olvides de echar un vistazo a la vista de lista: haz clic en el icono que hay unos puntos a la derecha del icono del signo más y obtendrás una lista ordenada y fácil de ver de los bloques y patrones de tu entrada.</p>
<!-- /wp:paragraph -->]]></content:encoded>
  <excerpt:encoded><![CDATA[En un panorama empresarial en constante cambio, la adaptabilidad no es solo un rasgo: es una ventaja competitiva. Las empresas que aceptan el cambio, aprenden de los retos y pivotan cuando es necesario son las que no solo sobreviven, sino que prosperan en entornos inciertos.]]></excerpt:encoded>
  <wp:post_id>10</wp:post_id>
  <wp:post_date>2025-01-30 18:52:55</wp:post_date>
  <wp:post_date_gmt>2025-01-30 23:52:55</wp:post_date_gmt>
  <wp:post_modified>2025-01-30 18:52:55</wp:post_modified>
  <wp:post_modified_gmt>2025-01-30 23:52:55</wp:post_modified_gmt>
  <wp:comment_status>closed</wp:comment_status>
  <wp:ping_status>closed</wp:ping_status>
  <wp:post_name>ventaja-adaptativa</wp:post_name>
  <wp:status>publish</wp:status>
  <wp:post_parent>0</wp:post_parent>
  <wp:menu_order>0</wp:menu_order>
  <wp:post_type>post</wp:post_type>
  <wp:post_password/>
  <wp:is_sticky>0</wp:is_sticky>
  <category domain="category" nicename="uncategorized"><![CDATA[Uncategorized]]></category>
  <wp:postmeta>
    <wp:meta_key>_headstart_post</wp:meta_key>
    <wp:meta_value><![CDATA[_hs_extra]]></wp:meta_value>
  </wp:postmeta>
  <wp:postmeta>
    <wp:meta_key>sharing_disabled</wp:meta_key>
    <wp:meta_value><![CDATA[a:1:{i:0;N;}]]></wp:meta_value>
  </wp:postmeta>
  <wp:postmeta>
    <wp:meta_key>switch_like_status</wp:meta_key>
    <wp:meta_value><![CDATA[a:1:{i:0;N;}]]></wp:meta_value>
  </wp:postmeta>
  <wp:postmeta>
    <wp:meta_key>_starter_page_template</wp:meta_key>
    <wp:meta_value><![CDATA[]]></wp:meta_value>
  </wp:postmeta>
  <wp:postmeta>
    <wp:meta_key>_hs_old_id</wp:meta_key>
    <wp:meta_value><![CDATA[]]></wp:meta_value>
  </wp:postmeta>
  <wp:postmeta>
    <wp:meta_key>_wpas_skip_all_services</wp:meta_key>
    <wp:meta_value><![CDATA[1]]></wp:meta_value>
  </wp:postmeta>
  <wp:postmeta>
    <wp:meta_key>_publicize_pending</wp:meta_key>
    <wp:meta_value><![CDATA[1]]></wp:meta_value>
  </wp:postmeta>
  <wp:postmeta>
    <wp:meta_key>_elasticsearch_data_sharing_indexed_on</wp:meta_key>
    <wp:meta_value><![CDATA[2025-01-30 23:58:11]]></wp:meta_value>
  </wp:postmeta>
  <wp:postmeta>
    <wp:meta_key>_thumbnail_id</wp:meta_key>
    <wp:meta_value><![CDATA[16]]></wp:meta_value>
  </wp:postmeta>
</item>
<item>
  <title><![CDATA[Placeholder Image]]></title>
  <link>https://mateogavilanes.wordpress.com/2025/01/30/el-arte-de-la-conexion/placeholder-image/</link>
  <pubDate>Thu, 30 Jan 2025 23:58:10 +0000</pubDate>
  <dc:creator>mateoochoa2510</dc:creator>
  <guid isPermaLink="false">http://mateogavilanes.files.wordpress.com/2025/01/c35dd-fewer_post_3.png</guid>
  <description/>
  <content:encoded><![CDATA[]]></content:encoded>
  <excerpt:encoded><![CDATA[]]></excerpt:encoded>
  <wp:post_id>11</wp:post_id>
  <wp:post_date>2025-01-30 18:58:10</wp:post_date>
  <wp:post_date_gmt>2025-01-30 23:58:10</wp:post_date_gmt>
  <wp:post_modified>2025-01-30 18:58:10</wp:post_modified>
  <wp:post_modified_gmt>2025-01-30 23:58:10</wp:post_modified_gmt>
  <wp:comment_status>open</wp:comment_status>
  <wp:ping_status>closed</wp:ping_status>
  <wp:post_name>placeholder-image</wp:post_name>
  <wp:status>inherit</wp:status>
  <wp:post_parent>5</wp:post_parent>
  <wp:menu_order>0</wp:menu_order>
  <wp:post_type>attachment</wp:post_type>
  <wp:post_password/>
  <wp:is_sticky>0</wp:is_sticky>
  <wp:attachment_url>https://mateogavilanes.wordpress.com/wp-content/uploads/2025/01/c35dd-fewer_post_3.png</wp:attachment_url>
  <wp:postmeta>
    <wp:meta_key>_wp_attached_file</wp:meta_key>
    <wp:meta_value><![CDATA[/home/wpcom/public_html/wp-content/blogs.dir/757/241240320/files/2025/01/c35dd-fewer_post_3.png]]></wp:meta_value>
  </wp:postmeta>
  <wp:postmeta>
    <wp:meta_key>_wp_attachment_metadata</wp:meta_key>
    <wp:meta_value><![CDATA[a:6:{s:5:"width";i:800;s:6:"height";i:532;s:4:"file";s:95:"/home/wpcom/public_html/wp-content/blogs.dir/757/241240320/files/2025/01/c35dd-fewer_post_3.png";s:8:"filesize";i:263038;s:5:"sizes";a:0:{}s:10:"image_meta";a:12:{s:8:"aperture";s:1:"0";s:6:"credit";s:0:"";s:6:"camera";s:0:"";s:7:"caption";s:0:"";s:17:"created_timestamp";s:1:"0";s:9:"copyright";s:0:"";s:12:"focal_length";s:1:"0";s:3:"iso";s:1:"0";s:13:"shutter_speed";s:1:"0";s:5:"title";s:0:"";s:11:"orientation";s:1:"0";s:8:"keywords";a:0:{}}}]]></wp:meta_value>
  </wp:postmeta>
</item>
<item>
  <title><![CDATA[Placeholder Image]]></title>
  <link>https://mateogavilanes.wordpress.com/2025/01/30/mas-alla-del-obstaculo/placeholder-image-2/</link>
  <pubDate>Thu, 30 Jan 2025 23:58:10 +0000</pubDate>
  <dc:creator>mateoochoa2510</dc:creator>
  <guid isPermaLink="false">http://mateogavilanes.files.wordpress.com/2025/01/c190e-fewer_post_4.png</guid>
  <description/>
  <content:encoded><![CDATA[]]></content:encoded>
  <excerpt:encoded><![CDATA[]]></excerpt:encoded>
  <wp:post_id>12</wp:post_id>
  <wp:post_date>2025-01-30 18:58:10</wp:post_date>
  <wp:post_date_gmt>2025-01-30 23:58:10</wp:post_date_gmt>
  <wp:post_modified>2025-01-30 18:58:10</wp:post_modified>
  <wp:post_modified_gmt>2025-01-30 23:58:10</wp:post_modified_gmt>
  <wp:comment_status>open</wp:comment_status>
  <wp:ping_status>closed</wp:ping_status>
  <wp:post_name>placeholder-image-2</wp:post_name>
  <wp:status>inherit</wp:status>
  <wp:post_parent>6</wp:post_parent>
  <wp:menu_order>0</wp:menu_order>
  <wp:post_type>attachment</wp:post_type>
  <wp:post_password/>
  <wp:is_sticky>0</wp:is_sticky>
  <wp:attachment_url>https://mateogavilanes.wordpress.com/wp-content/uploads/2025/01/c190e-fewer_post_4.png</wp:attachment_url>
  <wp:postmeta>
    <wp:meta_key>_wp_attached_file</wp:meta_key>
    <wp:meta_value><![CDATA[/home/wpcom/public_html/wp-content/blogs.dir/757/241240320/files/2025/01/c190e-fewer_post_4.png]]></wp:meta_value>
  </wp:postmeta>
  <wp:postmeta>
    <wp:meta_key>_wp_attachment_metadata</wp:meta_key>
    <wp:meta_value><![CDATA[a:6:{s:5:"width";i:800;s:6:"height";i:531;s:4:"file";s:95:"/home/wpcom/public_html/wp-content/blogs.dir/757/241240320/files/2025/01/c190e-fewer_post_4.png";s:8:"filesize";i:263695;s:5:"sizes";a:0:{}s:10:"image_meta";a:12:{s:8:"aperture";s:1:"0";s:6:"credit";s:0:"";s:6:"camera";s:0:"";s:7:"caption";s:0:"";s:17:"created_timestamp";s:1:"0";s:9:"copyright";s:0:"";s:12:"focal_length";s:1:"0";s:3:"iso";s:1:"0";s:13:"shutter_speed";s:1:"0";s:5:"title";s:0:"";s:11:"orientation";s:1:"0";s:8:"keywords";a:0:{}}}]]></wp:meta_value>
  </wp:postmeta>
</item>
<item>
  <title><![CDATA[Placeholder Image]]></title>
  <link>https://mateogavilanes.wordpress.com/2025/01/30/crecimiento-desbloqueado/placeholder-image-3/</link>
  <pubDate>Thu, 30 Jan 2025 23:58:11 +0000</pubDate>
  <dc:creator>mateoochoa2510</dc:creator>
  <guid isPermaLink="false">http://mateogavilanes.files.wordpress.com/2025/01/b32a6-fewer_post_5.png</guid>
  <description/>
  <content:encoded><![CDATA[]]></content:encoded>
  <excerpt:encoded><![CDATA[]]></excerpt:encoded>
  <wp:post_id>13</wp:post_id>
  <wp:post_date>2025-01-30 18:58:11</wp:post_date>
  <wp:post_date_gmt>2025-01-30 23:58:11</wp:post_date_gmt>
  <wp:post_modified>2025-01-30 18:58:11</wp:post_modified>
  <wp:post_modified_gmt>2025-01-30 23:58:11</wp:post_modified_gmt>
  <wp:comment_status>open</wp:comment_status>
  <wp:ping_status>closed</wp:ping_status>
  <wp:post_name>placeholder-image-3</wp:post_name>
  <wp:status>inherit</wp:status>
  <wp:post_parent>7</wp:post_parent>
  <wp:menu_order>0</wp:menu_order>
  <wp:post_type>attachment</wp:post_type>
  <wp:post_password/>
  <wp:is_sticky>0</wp:is_sticky>
  <wp:attachment_url>https://mateogavilanes.wordpress.com/wp-content/uploads/2025/01/b32a6-fewer_post_5.png</wp:attachment_url>
  <wp:postmeta>
    <wp:meta_key>_wp_attached_file</wp:meta_key>
    <wp:meta_value><![CDATA[/home/wpcom/public_html/wp-content/blogs.dir/757/241240320/files/2025/01/b32a6-fewer_post_5.png]]></wp:meta_value>
  </wp:postmeta>
  <wp:postmeta>
    <wp:meta_key>_wp_attachment_metadata</wp:meta_key>
    <wp:meta_value><![CDATA[a:6:{s:5:"width";i:800;s:6:"height";i:532;s:4:"file";s:95:"/home/wpcom/public_html/wp-content/blogs.dir/757/241240320/files/2025/01/b32a6-fewer_post_5.png";s:8:"filesize";i:165117;s:5:"sizes";a:0:{}s:10:"image_meta";a:12:{s:8:"aperture";s:1:"0";s:6:"credit";s:0:"";s:6:"camera";s:0:"";s:7:"caption";s:0:"";s:17:"created_timestamp";s:1:"0";s:9:"copyright";s:0:"";s:12:"focal_length";s:1:"0";s:3:"iso";s:1:"0";s:13:"shutter_speed";s:1:"0";s:5:"title";s:0:"";s:11:"orientation";s:1:"0";s:8:"keywords";a:0:{}}}]]></wp:meta_value>
  </wp:postmeta>
</item>
<item>
  <title><![CDATA[Placeholder Image]]></title>
  <link>https://mateogavilanes.wordpress.com/2025/01/30/magia-de-la-colaboracion/placeholder-image-4/</link>
  <pubDate>Thu, 30 Jan 2025 23:58:11 +0000</pubDate>
  <dc:creator>mateoochoa2510</dc:creator>
  <guid isPermaLink="false">http://mateogavilanes.files.wordpress.com/2025/01/7a39b-fewer_post_2.png</guid>
  <description/>
  <content:encoded><![CDATA[]]></content:encoded>
  <excerpt:encoded><![CDATA[]]></excerpt:encoded>
  <wp:post_id>14</wp:post_id>
  <wp:post_date>2025-01-30 18:58:11</wp:post_date>
  <wp:post_date_gmt>2025-01-30 23:58:11</wp:post_date_gmt>
  <wp:post_modified>2025-01-30 18:58:11</wp:post_modified>
  <wp:post_modified_gmt>2025-01-30 23:58:11</wp:post_modified_gmt>
  <wp:comment_status>open</wp:comment_status>
  <wp:ping_status>closed</wp:ping_status>
  <wp:post_name>placeholder-image-4</wp:post_name>
  <wp:status>inherit</wp:status>
  <wp:post_parent>8</wp:post_parent>
  <wp:menu_order>0</wp:menu_order>
  <wp:post_type>attachment</wp:post_type>
  <wp:post_password/>
  <wp:is_sticky>0</wp:is_sticky>
  <wp:attachment_url>https://mateogavilanes.wordpress.com/wp-content/uploads/2025/01/7a39b-fewer_post_2.png</wp:attachment_url>
  <wp:postmeta>
    <wp:meta_key>_wp_attached_file</wp:meta_key>
    <wp:meta_value><![CDATA[/home/wpcom/public_html/wp-content/blogs.dir/757/241240320/files/2025/01/7a39b-fewer_post_2.png]]></wp:meta_value>
  </wp:postmeta>
  <wp:postmeta>
    <wp:meta_key>_wp_attachment_metadata</wp:meta_key>
    <wp:meta_value><![CDATA[a:6:{s:5:"width";i:800;s:6:"height";i:530;s:4:"file";s:95:"/home/wpcom/public_html/wp-content/blogs.dir/757/241240320/files/2025/01/7a39b-fewer_post_2.png";s:8:"filesize";i:275580;s:5:"sizes";a:0:{}s:10:"image_meta";a:12:{s:8:"aperture";s:1:"0";s:6:"credit";s:0:"";s:6:"camera";s:0:"";s:7:"caption";s:0:"";s:17:"created_timestamp";s:1:"0";s:9:"copyright";s:0:"";s:12:"focal_length";s:1:"0";s:3:"iso";s:1:"0";s:13:"shutter_speed";s:1:"0";s:5:"title";s:0:"";s:11:"orientation";s:1:"0";s:8:"keywords";a:0:{}}}]]></wp:meta_value>
  </wp:postmeta>
</item>
<item>
  <title><![CDATA[Placeholder Image]]></title>
  <link>https://mateogavilanes.wordpress.com/2025/01/30/triunfo-del-trabajo-en-equipo/placeholder-image-5/</link>
  <pubDate>Thu, 30 Jan 2025 23:58:11 +0000</pubDate>
  <dc:creator>mateoochoa2510</dc:creator>
  <guid isPermaLink="false">http://mateogavilanes.files.wordpress.com/2025/01/bffa5-fewer_orestad_2.png</guid>
  <description/>
  <content:encoded><![CDATA[]]></content:encoded>
  <excerpt:encoded><![CDATA[]]></excerpt:encoded>
  <wp:post_id>15</wp:post_id>
  <wp:post_date>2025-01-30 18:58:11</wp:post_date>
  <wp:post_date_gmt>2025-01-30 23:58:11</wp:post_date_gmt>
  <wp:post_modified>2025-01-30 18:58:11</wp:post_modified>
  <wp:post_modified_gmt>2025-01-30 23:58:11</wp:post_modified_gmt>
  <wp:comment_status>open</wp:comment_status>
  <wp:ping_status>closed</wp:ping_status>
  <wp:post_name>placeholder-image-5</wp:post_name>
  <wp:status>inherit</wp:status>
  <wp:post_parent>9</wp:post_parent>
  <wp:menu_order>0</wp:menu_order>
  <wp:post_type>attachment</wp:post_type>
  <wp:post_password/>
  <wp:is_sticky>0</wp:is_sticky>
  <wp:attachment_url>https://mateogavilanes.wordpress.com/wp-content/uploads/2025/01/bffa5-fewer_orestad_2.png</wp:attachment_url>
  <wp:postmeta>
    <wp:meta_key>_wp_attached_file</wp:meta_key>
    <wp:meta_value><![CDATA[/home/wpcom/public_html/wp-content/blogs.dir/757/241240320/files/2025/01/bffa5-fewer_orestad_2.png]]></wp:meta_value>
  </wp:postmeta>
  <wp:postmeta>
    <wp:meta_key>_wp_attachment_metadata</wp:meta_key>
    <wp:meta_value><![CDATA[a:6:{s:5:"width";i:799;s:6:"height";i:651;s:4:"file";s:98:"/home/wpcom/public_html/wp-content/blogs.dir/757/241240320/files/2025/01/bffa5-fewer_orestad_2.png";s:8:"filesize";i:275178;s:5:"sizes";a:0:{}s:10:"image_meta";a:12:{s:8:"aperture";s:1:"0";s:6:"credit";s:0:"";s:6:"camera";s:0:"";s:7:"caption";s:0:"";s:17:"created_timestamp";s:1:"0";s:9:"copyright";s:0:"";s:12:"focal_length";s:1:"0";s:3:"iso";s:1:"0";s:13:"shutter_speed";s:1:"0";s:5:"title";s:0:"";s:11:"orientation";s:1:"0";s:8:"keywords";a:0:{}}}]]></wp:meta_value>
  </wp:postmeta>
</item>
<item>
  <title><![CDATA[Placeholder Image]]></title>
  <link>https://mateogavilanes.wordpress.com/2025/01/30/ventaja-adaptativa/placeholder-image-6/</link>
  <pubDate>Thu, 30 Jan 2025 23:58:11 +0000</pubDate>
  <dc:creator>mateoochoa2510</dc:creator>
  <guid isPermaLink="false">http://mateogavilanes.files.wordpress.com/2025/01/90e3e-fewer_post_1.png</guid>
  <description/>
  <content:encoded><![CDATA[]]></content:encoded>
  <excerpt:encoded><![CDATA[]]></excerpt:encoded>
  <wp:post_id>16</wp:post_id>
  <wp:post_date>2025-01-30 18:58:11</wp:post_date>
  <wp:post_date_gmt>2025-01-30 23:58:11</wp:post_date_gmt>
  <wp:post_modified>2025-01-30 18:58:11</wp:post_modified>
  <wp:post_modified_gmt>2025-01-30 23:58:11</wp:post_modified_gmt>
  <wp:comment_status>open</wp:comment_status>
  <wp:ping_status>closed</wp:ping_status>
  <wp:post_name>placeholder-image-6</wp:post_name>
  <wp:status>inherit</wp:status>
  <wp:post_parent>10</wp:post_parent>
  <wp:menu_order>0</wp:menu_order>
  <wp:post_type>attachment</wp:post_type>
  <wp:post_password/>
  <wp:is_sticky>0</wp:is_sticky>
  <wp:attachment_url>https://mateogavilanes.wordpress.com/wp-content/uploads/2025/01/90e3e-fewer_post_1.png</wp:attachment_url>
  <wp:postmeta>
    <wp:meta_key>_wp_attached_file</wp:meta_key>
    <wp:meta_value><![CDATA[/home/wpcom/public_html/wp-content/blogs.dir/757/241240320/files/2025/01/90e3e-fewer_post_1.png]]></wp:meta_value>
  </wp:postmeta>
  <wp:postmeta>
    <wp:meta_key>_wp_attachment_metadata</wp:meta_key>
    <wp:meta_value><![CDATA[a:6:{s:5:"width";i:800;s:6:"height";i:514;s:4:"file";s:95:"/home/wpcom/public_html/wp-content/blogs.dir/757/241240320/files/2025/01/90e3e-fewer_post_1.png";s:8:"filesize";i:216169;s:5:"sizes";a:0:{}s:10:"image_meta";a:12:{s:8:"aperture";s:1:"0";s:6:"credit";s:0:"";s:6:"camera";s:0:"";s:7:"caption";s:0:"";s:17:"created_timestamp";s:1:"0";s:9:"copyright";s:0:"";s:12:"focal_length";s:1:"0";s:3:"iso";s:1:"0";s:13:"shutter_speed";s:1:"0";s:5:"title";s:0:"";s:11:"orientation";s:1:"0";s:8:"keywords";a:0:{}}}]]></wp:meta_value>
  </wp:postmeta>
</item>
<item>
  <title><![CDATA[Navegación]]></title>
  <link>https://mateogavilanes.wordpress.com/2025/01/30/navigation/</link>
  <pubDate>Thu, 30 Jan 2025 23:58:15 +0000</pubDate>
  <dc:creator>mateoochoa2510</dc:creator>
  <guid isPermaLink="false">https://mateogavilanes.wordpress.com/2025/01/30/navigation/</guid>
  <description/>
  <content:encoded><![CDATA[<!-- wp:page-list /-->]]></content:encoded>
  <excerpt:encoded><![CDATA[]]></excerpt:encoded>
  <wp:post_id>17</wp:post_id>
  <wp:post_date>2025-01-30 18:58:15</wp:post_date>
  <wp:post_date_gmt>2025-01-30 23:58:15</wp:post_date_gmt>
  <wp:post_modified>2025-01-30 18:58:15</wp:post_modified>
  <wp:post_modified_gmt>2025-01-30 23:58:15</wp:post_modified_gmt>
  <wp:comment_status>closed</wp:comment_status>
  <wp:ping_status>closed</wp:ping_status>
  <wp:post_name>navigation</wp:post_name>
  <wp:status>publish</wp:status>
  <wp:post_parent>0</wp:post_parent>
  <wp:menu_order>0</wp:menu_order>
  <wp:post_type>wp_navigation</wp:post_type>
  <wp:post_password/>
  <wp:is_sticky>0</wp:is_sticky>
</item>
<item>
  <title><![CDATA[Inicio]]></title>
  <link>https://mateogavilanes.wordpress.com/</link>
  <pubDate>Fri, 31 Jan 2025 00:03:53 +0000</pubDate>
  <dc:creator>mateoochoa2510</dc:creator>
  <guid isPermaLink="false">https://mateogavilanes.wordpress.com/?page_id=18</guid>
  <description/>
  <content:encoded><![CDATA[<!-- wp:group {"metadata":{"name":"Header","categories":["header"],"patternName":"a8c/header-logo-left-menu-centered-social-right"},"align":"full","style":{"spacing":{"padding":{"top":"var:preset|spacing|30","bottom":"var:preset|spacing|30","left":"var(\u002d\u002dwp\u002d\u002dstyle\u002d\u002droot\u002d\u002dpadding-left, var(\u002d\u002dwp\u002d\u002dcustom\u002d\u002dgap\u002d\u002dhorizontal))","right":"var(\u002d\u002dwp\u002d\u002dstyle\u002d\u002droot\u002d\u002dpadding-right, var(\u002d\u002dwp\u002d\u002dcustom\u002d\u002dgap\u002d\u002dhorizontal))"},"margin":{"top":"0","bottom":"0"}}},"layout":{"type":"constrained","justifyContent":"center"}} -->
<div class="wp-block-group alignfull" style="margin-top:0;margin-bottom:0;padding-top:var(--wp--preset--spacing--30);padding-right:var(--wp--style--root--padding-right, var(--wp--custom--gap--horizontal));padding-bottom:var(--wp--preset--spacing--30);padding-left:var(--wp--style--root--padding-left, var(--wp--custom--gap--horizontal))"><!-- wp:group {"tagName":"header","metadata":{"name":"Contents"},"align":"wide","style":{"spacing":{"margin":{"top":"0","bottom":"0"},"blockGap":"var:preset|spacing|40"}},"layout":{"type":"flex","flexWrap":"nowrap","justifyContent":"space-between"}} -->
<header class="wp-block-group alignwide" style="margin-top:0;margin-bottom:0"><!-- wp:group {"className":"grow  md:grow-0","style":{"layout":{"selfStretch":"fixed","flexSize":"25%"}},"layout":{"type":"flex","flexWrap":"nowrap","justifyContent":"left"}} -->
<div class="wp-block-group grow md:grow-0"><!-- wp:site-title /--></div>
<!-- /wp:group -->

<!-- wp:navigation {"ref":17,"className":"order-1 md:order-0","style":{"layout":{"selfStretch":"fit","flexSize":null}},"layout":{"type":"flex","justifyContent":"center"}} /-->

<!-- wp:group {"className":"grow md:grow-0","style":{"spacing":{"blockGap":"var:preset|spacing|20"},"layout":{"selfStretch":"fixed","flexSize":"25%"}},"layout":{"type":"flex","flexWrap":"nowrap","justifyContent":"right"}} -->
<div class="wp-block-group grow md:grow-0"><!-- wp:social-links {"className":"is-style-logos-only","style":{"spacing":{"blockGap":{"left":"8px"}}},"layout":{"type":"flex","flexWrap":"nowrap"}} -->
<ul class="wp-block-social-links is-style-logos-only"><!-- wp:social-link {"url":"#","service":"facebook"} /-->

<!-- wp:social-link {"url":"#","service":"instagram"} /--></ul>
<!-- /wp:social-links --></div>
<!-- /wp:group --></header>
<!-- /wp:group --></div>
<!-- /wp:group -->

<!-- wp:media-text {"align":"full","mediaId":26,"mediaLink":"https://mateogavilanes.wordpress.com/mateo-gavilanes-2-2/","mediaType":"image","imageFill":true} -->
<div class="wp-block-media-text alignfull is-stacked-on-mobile is-image-fill-element"><figure class="wp-block-media-text__media"><img src="https://mateogavilanes.wordpress.com/wp-content/uploads/2025/01/mateo-gavilanes-2-1.jpg?w=683" alt="" class="wp-image-26 size-full" style="object-position:50% 50%" /></figure><div class="wp-block-media-text__content"><!-- wp:cover {"overlayColor":"background","minHeight":95,"minHeightUnit":"vh"} -->
<div class="wp-block-cover is-light" style="min-height:95vh"><span aria-hidden="true" class="wp-block-cover__background has-background-background-color has-background-dim-100 has-background-dim"></span><div class="wp-block-cover__inner-container"><!-- wp:jetpack/tiled-gallery {"className":"is-style-circle","columnWidths":[["100.00000"]],"ids":[21]} -->
<div class="wp-block-jetpack-tiled-gallery aligncenter is-style-circle"><div class=""><div class="tiled-gallery__gallery"><div class="tiled-gallery__row columns-1"><div class="tiled-gallery__col"><figure class="tiled-gallery__item"><img alt="" data-height="2048" data-id="21" data-link="https://mateogavilanes.wordpress.com/cv/" data-url="https://mateogavilanes.wordpress.com/wp-content/uploads/2025/01/cv.jpg?w=768" data-width="1536" src="https://mateogavilanes.wordpress.com/wp-content/uploads/2025/01/cv.jpg?resize=1536%2C1536" role="button" aria-label="Abrir la imagen 1 de 1 en pantalla completa" /></figure></div></div></div></div></div>
<!-- /wp:jetpack/tiled-gallery -->

<!-- wp:heading {"textAlign":"center","level":1,"style":{"elements":{"link":{"color":{"text":"var:preset|color|primary"}}}},"textColor":"primary"} -->
<h1 class="wp-block-heading has-text-align-center has-primary-color has-text-color has-link-color"><strong><font style="vertical-align: inherit"><font style="vertical-align: inherit">Mateo Gavilanes</font></font></strong></h1>
<!-- /wp:heading -->

<!-- wp:paragraph {"align":"center","style":{"elements":{"link":{"color":{"text":"var:preset|color|primary"}}}},"backgroundColor":"background","textColor":"primary"} -->
<p class="has-text-align-center has-primary-color has-background-background-color has-text-color has-background has-link-color">Estudiante de Marketing Digital con formación en estrategias de comunicación y redes sociales. Apasionado/a por la creación de contenido innovador y el desarrollo de campañas digitales que conecten con las audiencias. Orientado/a al aprendizaje continuo, con entusiasmo por aplicar conocimientos teóricos a proyectos prácticos que generen impacto positivo.</p>
<!-- /wp:paragraph -->

<!-- wp:social-links {"align":"center","className":"is-style-default"} -->
<ul class="wp-block-social-links aligncenter is-style-default"><!-- wp:social-link {"url":"https://www.linkedin.com/in/mateo-gavilanes-ochoa/","service":"linkedin"} /-->

<!-- wp:social-link {"url":"https://github.com/Matius8A","service":"github"} /--></ul>
<!-- /wp:social-links --></div></div>
<!-- /wp:cover --></div></div>
<!-- /wp:media-text -->

<!-- wp:paragraph -->
<p></p>
<!-- /wp:paragraph -->]]></content:encoded>
  <excerpt:encoded><![CDATA[]]></excerpt:encoded>
  <wp:post_id>18</wp:post_id>
  <wp:post_date>2025-01-30 19:03:53</wp:post_date>
  <wp:post_date_gmt>2025-01-31 00:03:53</wp:post_date_gmt>
  <wp:post_modified>2025-01-30 19:29:08</wp:post_modified>
  <wp:post_modified_gmt>2025-01-31 00:29:08</wp:post_modified_gmt>
  <wp:comment_status>closed</wp:comment_status>
  <wp:ping_status>closed</wp:ping_status>
  <wp:post_name>inicio</wp:post_name>
  <wp:status>publish</wp:status>
  <wp:post_parent>0</wp:post_parent>
  <wp:menu_order>0</wp:menu_order>
  <wp:post_type>page</wp:post_type>
  <wp:post_password/>
  <wp:is_sticky>0</wp:is_sticky>
  <wp:postmeta>
    <wp:meta_key>_tft_homepage_template</wp:meta_key>
    <wp:meta_value><![CDATA[pub/baker]]></wp:meta_value>
  </wp:postmeta>
  <wp:postmeta>
    <wp:meta_key>_publicize_pending</wp:meta_key>
    <wp:meta_value><![CDATA[1]]></wp:meta_value>
  </wp:postmeta>
  <wp:postmeta>
    <wp:meta_key>_elasticsearch_data_sharing_indexed_on</wp:meta_key>
    <wp:meta_value><![CDATA[2025-01-31 00:03:58]]></wp:meta_value>
  </wp:postmeta>
  <wp:postmeta>
    <wp:meta_key>_g_feedback_shortcode_afadb1e294f51e797e8d867145f0ed782a07820e</wp:meta_key>
    <wp:meta_value><![CDATA[
				[contact-field label="Nombre" type="name"  required="true" /]
				[contact-field label="Correo electrónico" type="email" required="true" /]
				[contact-field label="Web" type="url" /]
				[contact-field label="Mensaje" type="textarea" /]]]></wp:meta_value>
  </wp:postmeta>
  <wp:postmeta>
    <wp:meta_key>_g_feedback_shortcode_atts_afadb1e294f51e797e8d867145f0ed782a07820e</wp:meta_key>
    <wp:meta_value><![CDATA[a:17:{s:2:"to";s:24:"mateoochoa2510@gmail.com";s:7:"subject";s:24:"[Mateo Gavilanes] Inicio";s:12:"show_subject";s:2:"no";s:6:"widget";i:0;s:14:"block_template";N;s:19:"block_template_part";N;s:2:"id";i:18;s:18:"submit_button_text";s:6:"Enviar";s:14:"customThankyou";s:0:"";s:21:"customThankyouHeading";s:24:"Se ha enviado tu mensaje";s:21:"customThankyouMessage";s:24:"¡Gracias por tu envío!";s:22:"customThankyouRedirect";s:0:"";s:10:"jetpackCRM";b:1;s:9:"className";N;s:9:"postToUrl";N;s:14:"salesforceData";N;s:12:"hiddenFields";N;}]]></wp:meta_value>
  </wp:postmeta>
  <wp:postmeta>
    <wp:meta_key>_last_editor_used_jetpack</wp:meta_key>
    <wp:meta_value><![CDATA[block-editor]]></wp:meta_value>
  </wp:postmeta>
</item>
<item>
  <title><![CDATA[Blog]]></title>
  <link>https://mateogavilanes.wordpress.com/blog/</link>
  <pubDate>Fri, 31 Jan 2025 00:03:55 +0000</pubDate>
  <dc:creator>mateoochoa2510</dc:creator>
  <guid isPermaLink="false">https://mateogavilanes.wordpress.com/blog/</guid>
  <description/>
  <content:encoded><![CDATA[]]></content:encoded>
  <excerpt:encoded><![CDATA[]]></excerpt:encoded>
  <wp:post_id>20</wp:post_id>
  <wp:post_date>2025-01-30 19:03:55</wp:post_date>
  <wp:post_date_gmt>2025-01-31 00:03:55</wp:post_date_gmt>
  <wp:post_modified>2025-01-30 19:03:55</wp:post_modified>
  <wp:post_modified_gmt>2025-01-31 00:03:55</wp:post_modified_gmt>
  <wp:comment_status>closed</wp:comment_status>
  <wp:ping_status>closed</wp:ping_status>
  <wp:post_name>blog</wp:post_name>
  <wp:status>publish</wp:status>
  <wp:post_parent>0</wp:post_parent>
  <wp:menu_order>0</wp:menu_order>
  <wp:post_type>page</wp:post_type>
  <wp:post_password/>
  <wp:is_sticky>0</wp:is_sticky>
  <wp:postmeta>
    <wp:meta_key>_tft_posts_page</wp:meta_key>
    <wp:meta_value><![CDATA[1]]></wp:meta_value>
  </wp:postmeta>
  <wp:postmeta>
    <wp:meta_key>_publicize_pending</wp:meta_key>
    <wp:meta_value><![CDATA[1]]></wp:meta_value>
  </wp:postmeta>
  <wp:postmeta>
    <wp:meta_key>_elasticsearch_data_sharing_indexed_on</wp:meta_key>
    <wp:meta_value><![CDATA[2025-01-31 00:03:58]]></wp:meta_value>
  </wp:postmeta>
</item>
<item>
  <title><![CDATA[CV]]></title>
  <link>https://mateogavilanes.wordpress.com/inicio/cv/</link>
  <pubDate>Fri, 31 Jan 2025 00:06:01 +0000</pubDate>
  <dc:creator>mateoochoa2510</dc:creator>
  <guid isPermaLink="false">http://mateogavilanes.files.wordpress.com/2025/01/cv.jpg</guid>
  <description/>
  <content:encoded><![CDATA[]]></content:encoded>
  <excerpt:encoded><![CDATA[]]></excerpt:encoded>
  <wp:post_id>21</wp:post_id>
  <wp:post_date>2025-01-30 19:06:01</wp:post_date>
  <wp:post_date_gmt>2025-01-31 00:06:01</wp:post_date_gmt>
  <wp:post_modified>2025-01-30 19:06:01</wp:post_modified>
  <wp:post_modified_gmt>2025-01-31 00:06:01</wp:post_modified_gmt>
  <wp:comment_status>open</wp:comment_status>
  <wp:ping_status>closed</wp:ping_status>
  <wp:post_name>cv</wp:post_name>
  <wp:status>inherit</wp:status>
  <wp:post_parent>18</wp:post_parent>
  <wp:menu_order>0</wp:menu_order>
  <wp:post_type>attachment</wp:post_type>
  <wp:post_password/>
  <wp:is_sticky>0</wp:is_sticky>
  <wp:attachment_url>https://mateogavilanes.wordpress.com/wp-content/uploads/2025/01/cv.jpg</wp:attachment_url>
  <wp:postmeta>
    <wp:meta_key>_wp_attached_file</wp:meta_key>
    <wp:meta_value><![CDATA[/home/wpcom/public_html/wp-content/blogs.dir/757/241240320/files/2025/01/cv.jpg]]></wp:meta_value>
  </wp:postmeta>
  <wp:postmeta>
    <wp:meta_key>_wp_attachment_metadata</wp:meta_key>
    <wp:meta_value><![CDATA[a:6:{s:5:"width";i:1536;s:6:"height";i:2048;s:4:"file";s:79:"/home/wpcom/public_html/wp-content/blogs.dir/757/241240320/files/2025/01/cv.jpg";s:8:"filesize";i:72752;s:5:"sizes";a:0:{}s:10:"image_meta";a:12:{s:8:"aperture";s:1:"0";s:6:"credit";s:0:"";s:6:"camera";s:0:"";s:7:"caption";s:0:"";s:17:"created_timestamp";s:1:"0";s:9:"copyright";s:0:"";s:12:"focal_length";s:1:"0";s:3:"iso";s:1:"0";s:13:"shutter_speed";s:1:"0";s:5:"title";s:0:"";s:11:"orientation";s:1:"0";s:8:"keywords";a:0:{}}}]]></wp:meta_value>
  </wp:postmeta>
</item>
<item>
  <title><![CDATA[mateo gavilanes 2]]></title>
  <link>https://mateogavilanes.wordpress.com/inicio/mateo-gavilanes-2/</link>
  <pubDate>Fri, 31 Jan 2025 00:24:19 +0000</pubDate>
  <dc:creator>mateoochoa2510</dc:creator>
  <guid isPermaLink="false">http://mateogavilanes.files.wordpress.com/2025/01/mateo-gavilanes-2.jpg</guid>
  <description/>
  <content:encoded><![CDATA[]]></content:encoded>
  <excerpt:encoded><![CDATA[]]></excerpt:encoded>
  <wp:post_id>25</wp:post_id>
  <wp:post_date>2025-01-30 19:24:19</wp:post_date>
  <wp:post_date_gmt>2025-01-31 00:24:19</wp:post_date_gmt>
  <wp:post_modified>2025-01-30 19:24:19</wp:post_modified>
  <wp:post_modified_gmt>2025-01-31 00:24:19</wp:post_modified_gmt>
  <wp:comment_status>open</wp:comment_status>
  <wp:ping_status>closed</wp:ping_status>
  <wp:post_name>mateo-gavilanes-2</wp:post_name>
  <wp:status>inherit</wp:status>
  <wp:post_parent>18</wp:post_parent>
  <wp:menu_order>0</wp:menu_order>
  <wp:post_type>attachment</wp:post_type>
  <wp:post_password/>
  <wp:is_sticky>0</wp:is_sticky>
  <wp:attachment_url>https://mateogavilanes.wordpress.com/wp-content/uploads/2025/01/mateo-gavilanes-2.jpg</wp:attachment_url>
  <wp:postmeta>
    <wp:meta_key>_wp_attached_file</wp:meta_key>
    <wp:meta_value><![CDATA[/home/wpcom/public_html/wp-content/blogs.dir/757/241240320/files/2025/01/mateo-gavilanes-2.jpg]]></wp:meta_value>
  </wp:postmeta>
  <wp:postmeta>
    <wp:meta_key>_wp_attachment_metadata</wp:meta_key>
    <wp:meta_value><![CDATA[a:6:{s:5:"width";i:5333;s:6:"height";i:7999;s:4:"file";s:94:"/home/wpcom/public_html/wp-content/blogs.dir/757/241240320/files/2025/01/mateo-gavilanes-2.jpg";s:8:"filesize";i:16924836;s:5:"sizes";a:0:{}s:10:"image_meta";a:12:{s:8:"aperture";s:1:"0";s:6:"credit";s:0:"";s:6:"camera";s:0:"";s:7:"caption";s:0:"";s:17:"created_timestamp";s:1:"0";s:9:"copyright";s:0:"";s:12:"focal_length";s:1:"0";s:3:"iso";s:1:"0";s:13:"shutter_speed";s:1:"0";s:5:"title";s:0:"";s:11:"orientation";s:1:"1";s:8:"keywords";a:0:{}}}]]></wp:meta_value>
  </wp:postmeta>
</item>
<item>
  <title><![CDATA[mateo gavilanes 2]]></title>
  <link>https://mateogavilanes.wordpress.com/inicio/mateo-gavilanes-2-2/</link>
  <pubDate>Fri, 31 Jan 2025 00:24:41 +0000</pubDate>
  <dc:creator>mateoochoa2510</dc:creator>
  <guid isPermaLink="false">http://mateogavilanes.files.wordpress.com/2025/01/mateo-gavilanes-2-1.jpg</guid>
  <description/>
  <content:encoded><![CDATA[]]></content:encoded>
  <excerpt:encoded><![CDATA[]]></excerpt:encoded>
  <wp:post_id>26</wp:post_id>
  <wp:post_date>2025-01-30 19:24:41</wp:post_date>
  <wp:post_date_gmt>2025-01-31 00:24:41</wp:post_date_gmt>
  <wp:post_modified>2025-01-30 19:24:41</wp:post_modified>
  <wp:post_modified_gmt>2025-01-31 00:24:41</wp:post_modified_gmt>
  <wp:comment_status>open</wp:comment_status>
  <wp:ping_status>closed</wp:ping_status>
  <wp:post_name>mateo-gavilanes-2-2</wp:post_name>
  <wp:status>inherit</wp:status>
  <wp:post_parent>18</wp:post_parent>
  <wp:menu_order>0</wp:menu_order>
  <wp:post_type>attachment</wp:post_type>
  <wp:post_password/>
  <wp:is_sticky>0</wp:is_sticky>
  <wp:attachment_url>https://mateogavilanes.wordpress.com/wp-content/uploads/2025/01/mateo-gavilanes-2-1.jpg</wp:attachment_url>
  <wp:postmeta>
    <wp:meta_key>_wp_attached_file</wp:meta_key>
    <wp:meta_value><![CDATA[/home/wpcom/public_html/wp-content/blogs.dir/757/241240320/files/2025/01/mateo-gavilanes-2-1.jpg]]></wp:meta_value>
  </wp:postmeta>
  <wp:postmeta>
    <wp:meta_key>_wp_attachment_metadata</wp:meta_key>
    <wp:meta_value><![CDATA[a:6:{s:5:"width";i:5333;s:6:"height";i:7999;s:4:"file";s:96:"/home/wpcom/public_html/wp-content/blogs.dir/757/241240320/files/2025/01/mateo-gavilanes-2-1.jpg";s:8:"filesize";i:16924836;s:5:"sizes";a:0:{}s:10:"image_meta";a:12:{s:8:"aperture";s:1:"0";s:6:"credit";s:0:"";s:6:"camera";s:0:"";s:7:"caption";s:0:"";s:17:"created_timestamp";s:1:"0";s:9:"copyright";s:0:"";s:12:"focal_length";s:1:"0";s:3:"iso";s:1:"0";s:13:"shutter_speed";s:1:"0";s:5:"title";s:0:"";s:11:"orientation";s:1:"1";s:8:"keywords";a:0:{}}}]]></wp:meta_value>
  </wp:postmeta>
</item>
<item>
  <title><![CDATA[Sobre Mi]]></title>
  <link>https://mateogavilanes.wordpress.com/sobre-mi/</link>
  <pubDate>Fri, 14 Feb 2025 00:30:58 +0000</pubDate>
  <dc:creator>mateoochoa2510</dc:creator>
  <guid isPermaLink="false">https://mateogavilanes.wordpress.com/?page_id=29</guid>
  <description/>
  <content:encoded><![CDATA[<!-- wp:group {"metadata":{"categories":["intro"],"name":"Intro","patternName":"assembler/intro-4"},"align":"full","className":"alignfull","style":{"spacing":{"margin":{"top":"0","bottom":"0"},"padding":{"top":"var:preset|spacing|40","bottom":"var:preset|spacing|40"}}},"layout":{"type":"constrained","justifyContent":"center"}} -->
<div class="wp-block-group alignfull" style="margin-top:0;margin-bottom:0;padding-top:var(--wp--preset--spacing--40);padding-bottom:var(--wp--preset--spacing--40)"><!-- wp:columns {"verticalAlignment":"center","align":"wide"} -->
<div class="wp-block-columns alignwide are-vertically-aligned-center"><!-- wp:column {"verticalAlignment":"center","layout":{"type":"constrained","contentSize":"420px","justifyContent":"left"}} -->
<div class="wp-block-column is-vertically-aligned-center"><!-- wp:heading -->
<h2 class="wp-block-heading">Sitio HTML De Marca Personal </h2>
<!-- /wp:heading -->

<!-- wp:paragraph -->
<p>Sitio Web HTML creado desde cero utilizando el editor Visual Studio Code </p>
<!-- /wp:paragraph -->

<!-- wp:buttons -->
<div class="wp-block-buttons"><!-- wp:button -->
<div class="wp-block-button"><a class="wp-block-button__link wp-element-button">Ver Más... </a></div>
<!-- /wp:button --></div>
<!-- /wp:buttons --></div>
<!-- /wp:column -->

<!-- wp:column {"verticalAlignment":"center"} -->
<div class="wp-block-column is-vertically-aligned-center"><!-- wp:image {"id":31,"aspectRatio":"1","scale":"cover","sizeSlug":"full","linkDestination":"none"} -->
<figure class="wp-block-image size-full"><img src="https://mateogavilanes.wordpress.com/wp-content/uploads/2025/02/mockup.png" alt="" class="wp-image-31" style="aspect-ratio:1;object-fit:cover" /></figure>
<!-- /wp:image --></div>
<!-- /wp:column --></div>
<!-- /wp:columns --></div>
<!-- /wp:group -->

<!-- wp:group {"metadata":{"categories":["services"],"name":"Services","patternName":"assembler/services-2"},"align":"full","className":"alignfull is-style-section-1","style":{"spacing":{"margin":{"top":"0","bottom":"0"},"blockGap":"var:preset|spacing|30","padding":{"top":"var:preset|spacing|40","bottom":"var:preset|spacing|40"}}},"layout":{"type":"constrained","justifyContent":"center"}} -->
<div class="wp-block-group alignfull is-style-section-1" style="margin-top:0;margin-bottom:0;padding-top:var(--wp--preset--spacing--40);padding-bottom:var(--wp--preset--spacing--40)"><!-- wp:columns {"align":"wide","style":{"spacing":{"blockGap":{"top":"var:preset|spacing|60","left":"var:preset|spacing|20"}}}} -->
<div class="wp-block-columns alignwide"><!-- wp:column {"style":{"spacing":{"blockGap":"0"}}} -->
<div class="wp-block-column"><!-- wp:group {"style":{"spacing":{"blockGap":"var:preset|spacing|30"}},"layout":{"type":"flex","orientation":"vertical","flexWrap":"nowrap"}} -->
<div class="wp-block-group"><!-- wp:image {"id":36,"aspectRatio":"1","scale":"cover","sizeSlug":"large","linkDestination":"none","style":{"color":{"duotone":"unset"}}} -->
<figure class="wp-block-image size-large"><img src="https://mateogavilanes.wordpress.com/wp-content/uploads/2025/02/blogger.png?w=1024" alt="" class="wp-image-36" style="aspect-ratio:1;object-fit:cover" /></figure>
<!-- /wp:image -->

<!-- wp:group {"style":{"spacing":{"blockGap":"8px"}},"layout":{"type":"flex","orientation":"vertical","flexWrap":"nowrap"}} -->
<div class="wp-block-group"><!-- wp:heading {"level":3} -->
<h3 class="wp-block-heading">Blog: El Cuarteto Deportivo</h3>
<!-- /wp:heading -->

<!-- wp:paragraph {"style":{"typography":{"fontSize":"20px"}}} -->
<p style="font-size:20px">CMS: Blogger</p>
<!-- /wp:paragraph -->

<!-- wp:paragraph -->
<p>Navegando por el intrincado tejido de la vida, las elecciones despliegan caminos hacia lo extraordinario, exigiendo creatividad, curiosidad y valentía para un viaje verdaderamente gratificante.</p>
<!-- /wp:paragraph -->

<!-- wp:buttons -->
<div class="wp-block-buttons"><!-- wp:button -->
<div class="wp-block-button"><a class="wp-block-button__link wp-element-button" href="https://blanco-inmortal.blogspot.com/">Ver Más ...</a></div>
<!-- /wp:button --></div>
<!-- /wp:buttons --></div>
<!-- /wp:group --></div>
<!-- /wp:group --></div>
<!-- /wp:column -->

<!-- wp:column {"style":{"spacing":{"blockGap":"0"}}} -->
<div class="wp-block-column"><!-- wp:group {"style":{"spacing":{"blockGap":"var:preset|spacing|30"}},"layout":{"type":"flex","orientation":"vertical"}} -->
<div class="wp-block-group"><!-- wp:image {"id":35,"aspectRatio":"1","scale":"cover","sizeSlug":"large","linkDestination":"none","style":{"color":{"duotone":"unset"}}} -->
<figure class="wp-block-image size-large"><img src="https://mateogavilanes.wordpress.com/wp-content/uploads/2025/02/wordpress-1.png?w=1024" alt="" class="wp-image-35" style="aspect-ratio:1;object-fit:cover" /></figure>
<!-- /wp:image --></div>
<!-- /wp:group -->

<!-- wp:group {"style":{"spacing":{"blockGap":"8px"}},"layout":{"type":"flex","orientation":"vertical","flexWrap":"nowrap"}} -->
<div class="wp-block-group"><!-- wp:heading {"level":3} -->
<h3 class="wp-block-heading">Web: Marca Personal</h3>
<!-- /wp:heading -->

<!-- wp:paragraph {"style":{"typography":{"fontSize":"20px"}}} -->
<p style="font-size:20px">CMS: WordPress Gratuito</p>
<!-- /wp:paragraph -->

<!-- wp:paragraph -->
<p>Navegando por el intrincado tejido de la vida, las elecciones despliegan caminos hacia lo extraordinario, exigiendo creatividad, curiosidad y valentía para un viaje verdaderamente gratificante.</p>
<!-- /wp:paragraph -->

<!-- wp:buttons -->
<div class="wp-block-buttons"><!-- wp:button -->
<div class="wp-block-button"><a class="wp-block-button__link wp-element-button" href="https://mateogavilanes.wordpress.com/">Ver Más ...</a></div>
<!-- /wp:button --></div>
<!-- /wp:buttons --></div>
<!-- /wp:group --></div>
<!-- /wp:column -->

<!-- wp:column {"style":{"spacing":{"blockGap":"0"}}} -->
<div class="wp-block-column"><!-- wp:group {"style":{"spacing":{"blockGap":"var:preset|spacing|30"}},"layout":{"type":"flex","orientation":"vertical"}} -->
<div class="wp-block-group"><!-- wp:image {"id":37,"aspectRatio":"1","scale":"cover","sizeSlug":"large","linkDestination":"none","style":{"color":{"duotone":"unset"}}} -->
<figure class="wp-block-image size-large"><img src="https://mateogavilanes.wordpress.com/wp-content/uploads/2025/02/miro.png?w=1024" alt="" class="wp-image-37" style="aspect-ratio:1;object-fit:cover" /></figure>
<!-- /wp:image -->

<!-- wp:group {"style":{"spacing":{"blockGap":"8px"}},"layout":{"type":"flex","orientation":"vertical","flexWrap":"nowrap"}} -->
<div class="wp-block-group"><!-- wp:heading {"level":3} -->
<h3 class="wp-block-heading">Wireframe: Web Marca Personal</h3>
<!-- /wp:heading -->

<!-- wp:paragraph {"style":{"typography":{"fontSize":"20px"}}} -->
<p style="font-size:20px">Miro</p>
<!-- /wp:paragraph -->

<!-- wp:paragraph -->
<p>Navegando por el intrincado tejido de la vida, las elecciones despliegan caminos hacia lo extraordinario, exigiendo creatividad, curiosidad y valentía para un viaje verdaderamente gratificante.</p>
<!-- /wp:paragraph --></div>
<!-- /wp:group --></div>
<!-- /wp:group -->

<!-- wp:buttons -->
<div class="wp-block-buttons"><!-- wp:button -->
<div class="wp-block-button"><a class="wp-block-button__link wp-element-button">Ver Más ...</a></div>
<!-- /wp:button --></div>
<!-- /wp:buttons --></div>
<!-- /wp:column --></div>
<!-- /wp:columns --></div>
<!-- /wp:group -->

<!-- wp:group {"metadata":{"categories":["services"],"name":"Services","patternName":"assembler/services-2"},"align":"full","className":"alignfull is-style-section-1","style":{"spacing":{"margin":{"top":"0","bottom":"0"},"blockGap":"var:preset|spacing|30","padding":{"top":"var:preset|spacing|40","bottom":"var:preset|spacing|40"}}},"layout":{"type":"constrained","justifyContent":"center"}} -->
<div class="wp-block-group alignfull is-style-section-1" style="margin-top:0;margin-bottom:0;padding-top:var(--wp--preset--spacing--40);padding-bottom:var(--wp--preset--spacing--40)"><!-- wp:columns {"align":"wide","style":{"spacing":{"blockGap":{"top":"var:preset|spacing|60","left":"var:preset|spacing|20"}}}} -->
<div class="wp-block-columns alignwide"><!-- wp:column {"style":{"spacing":{"blockGap":"0"}}} -->
<div class="wp-block-column"><!-- wp:group {"style":{"spacing":{"blockGap":"var:preset|spacing|30"}},"layout":{"type":"flex","orientation":"vertical","flexWrap":"nowrap"}} -->
<div class="wp-block-group"><!-- wp:image {"id":36,"aspectRatio":"1","scale":"cover","sizeSlug":"large","linkDestination":"none","style":{"color":{"duotone":"unset"}}} -->
<figure class="wp-block-image size-large"><img src="https://mateogavilanes.wordpress.com/wp-content/uploads/2025/02/blogger.png?w=1024" alt="" class="wp-image-36" style="aspect-ratio:1;object-fit:cover" /></figure>
<!-- /wp:image -->

<!-- wp:group {"style":{"spacing":{"blockGap":"8px"}},"layout":{"type":"flex","orientation":"vertical","flexWrap":"nowrap"}} -->
<div class="wp-block-group"><!-- wp:heading {"level":3} -->
<h3 class="wp-block-heading">Web: Nombre de la Web de Local Host</h3>
<!-- /wp:heading -->

<!-- wp:paragraph {"style":{"typography":{"fontSize":"20px"}}} -->
<p style="font-size:20px">CMS: Blogger</p>
<!-- /wp:paragraph -->

<!-- wp:paragraph -->
<p>Navegando por el intrincado tejido de la vida, las elecciones despliegan caminos hacia lo extraordinario, exigiendo creatividad, curiosidad y valentía para un viaje verdaderamente gratificante.</p>
<!-- /wp:paragraph -->

<!-- wp:buttons -->
<div class="wp-block-buttons"><!-- wp:button -->
<div class="wp-block-button"><a class="wp-block-button__link wp-element-button" href="https://blanco-inmortal.blogspot.com/">Ver Más ...</a></div>
<!-- /wp:button --></div>
<!-- /wp:buttons --></div>
<!-- /wp:group --></div>
<!-- /wp:group --></div>
<!-- /wp:column -->

<!-- wp:column {"style":{"spacing":{"blockGap":"0"}}} -->
<div class="wp-block-column"><!-- wp:group {"style":{"spacing":{"blockGap":"var:preset|spacing|30"}},"layout":{"type":"flex","orientation":"vertical"}} -->
<div class="wp-block-group"><!-- wp:image {"id":35,"aspectRatio":"1","scale":"cover","sizeSlug":"large","linkDestination":"none","style":{"color":{"duotone":"unset"}}} -->
<figure class="wp-block-image size-large"><img src="https://mateogavilanes.wordpress.com/wp-content/uploads/2025/02/wordpress-1.png?w=1024" alt="" class="wp-image-35" style="aspect-ratio:1;object-fit:cover" /></figure>
<!-- /wp:image --></div>
<!-- /wp:group -->

<!-- wp:group {"style":{"spacing":{"blockGap":"8px"}},"layout":{"type":"flex","orientation":"vertical","flexWrap":"nowrap"}} -->
<div class="wp-block-group"><!-- wp:heading {"level":3} -->
<h3 class="wp-block-heading">Web: Marca Personal</h3>
<!-- /wp:heading -->

<!-- wp:paragraph {"style":{"typography":{"fontSize":"20px"}}} -->
<p style="font-size:20px">CMS: WordPress en Hosting </p>
<!-- /wp:paragraph -->

<!-- wp:paragraph -->
<p>Navegando por el intrincado tejido de la vida, las elecciones despliegan caminos hacia lo extraordinario, exigiendo creatividad, curiosidad y valentía para un viaje verdaderamente gratificante.</p>
<!-- /wp:paragraph -->

<!-- wp:buttons -->
<div class="wp-block-buttons"><!-- wp:button -->
<div class="wp-block-button"><a class="wp-block-button__link wp-element-button">Ver Más ...</a></div>
<!-- /wp:button --></div>
<!-- /wp:buttons --></div>
<!-- /wp:group --></div>
<!-- /wp:column -->

<!-- wp:column {"style":{"spacing":{"blockGap":"0"}}} -->
<div class="wp-block-column"><!-- wp:group {"style":{"spacing":{"blockGap":"var:preset|spacing|30"}},"layout":{"type":"flex","orientation":"vertical"}} -->
<div class="wp-block-group"><!-- wp:image {"id":37,"aspectRatio":"1","scale":"cover","sizeSlug":"large","linkDestination":"none","style":{"color":{"duotone":"unset"}}} -->
<figure class="wp-block-image size-large"><img src="https://mateogavilanes.wordpress.com/wp-content/uploads/2025/02/miro.png?w=1024" alt="" class="wp-image-37" style="aspect-ratio:1;object-fit:cover" /></figure>
<!-- /wp:image -->

<!-- wp:group {"style":{"spacing":{"blockGap":"8px"}},"layout":{"type":"flex","orientation":"vertical","flexWrap":"nowrap"}} -->
<div class="wp-block-group"><!-- wp:heading {"level":3} -->
<h3 class="wp-block-heading">GitHub Personal</h3>
<!-- /wp:heading -->

<!-- wp:paragraph {"style":{"typography":{"fontSize":"20px"}}} -->
<p style="font-size:20px">GitHub</p>
<!-- /wp:paragraph -->

<!-- wp:paragraph -->
<p>Navegando por el intrincado tejido de la vida, las elecciones despliegan caminos hacia lo extraordinario, exigiendo creatividad, curiosidad y valentía para un viaje verdaderamente gratificante.</p>
<!-- /wp:paragraph -->

<!-- wp:buttons -->
<div class="wp-block-buttons"><!-- wp:button -->
<div class="wp-block-button"><a class="wp-block-button__link wp-element-button" href="https://github.com/Matius8A">Ver Más ...</a></div>
<!-- /wp:button --></div>
<!-- /wp:buttons --></div>
<!-- /wp:group --></div>
<!-- /wp:group --></div>
<!-- /wp:column --></div>
<!-- /wp:columns --></div>
<!-- /wp:group -->

<!-- wp:paragraph -->
<p></p>
<!-- /wp:paragraph -->]]></content:encoded>
  <excerpt:encoded><![CDATA[]]></excerpt:encoded>
  <wp:post_id>29</wp:post_id>
  <wp:post_date>2025-02-13 19:30:58</wp:post_date>
  <wp:post_date_gmt>2025-02-14 00:30:58</wp:post_date_gmt>
  <wp:post_modified>2025-02-13 19:31:17</wp:post_modified>
  <wp:post_modified_gmt>2025-02-14 00:31:17</wp:post_modified_gmt>
  <wp:comment_status>closed</wp:comment_status>
  <wp:ping_status>closed</wp:ping_status>
  <wp:post_name>sobre-mi</wp:post_name>
  <wp:status>publish</wp:status>
  <wp:post_parent>0</wp:post_parent>
  <wp:menu_order>0</wp:menu_order>
  <wp:post_type>page</wp:post_type>
  <wp:post_password/>
  <wp:is_sticky>0</wp:is_sticky>
  <wp:postmeta>
    <wp:meta_key>_g_feedback_shortcode_8f45de87d5eddaab8aae3f19b3bdb5ca36adb2e5</wp:meta_key>
    <wp:meta_value><![CDATA[
				[contact-field label="Nombre" type="name"  required="true" /]
				[contact-field label="Correo electrónico" type="email" required="true" /]
				[contact-field label="Web" type="url" /]
				[contact-field label="Mensaje" type="textarea" /]]]></wp:meta_value>
  </wp:postmeta>
  <wp:postmeta>
    <wp:meta_key>_g_feedback_shortcode_atts_8f45de87d5eddaab8aae3f19b3bdb5ca36adb2e5</wp:meta_key>
    <wp:meta_value><![CDATA[a:17:{s:2:"to";s:24:"mateoochoa2510@gmail.com";s:7:"subject";s:18:"[Mateo Gavilanes] ";s:12:"show_subject";s:2:"no";s:6:"widget";i:0;s:14:"block_template";N;s:19:"block_template_part";N;s:2:"id";i:29;s:18:"submit_button_text";s:6:"Enviar";s:14:"customThankyou";s:0:"";s:21:"customThankyouHeading";s:24:"Se ha enviado tu mensaje";s:21:"customThankyouMessage";s:24:"¡Gracias por tu envío!";s:22:"customThankyouRedirect";s:0:"";s:10:"jetpackCRM";b:1;s:9:"className";N;s:9:"postToUrl";N;s:14:"salesforceData";N;s:12:"hiddenFields";N;}]]></wp:meta_value>
  </wp:postmeta>
  <wp:postmeta>
    <wp:meta_key>_last_editor_used_jetpack</wp:meta_key>
    <wp:meta_value><![CDATA[block-editor]]></wp:meta_value>
  </wp:postmeta>
  <wp:postmeta>
    <wp:meta_key>_publicize_pending</wp:meta_key>
    <wp:meta_value><![CDATA[1]]></wp:meta_value>
  </wp:postmeta>
  <wp:postmeta>
    <wp:meta_key>advanced_seo_description</wp:meta_key>
    <wp:meta_value><![CDATA[]]></wp:meta_value>
  </wp:postmeta>
  <wp:postmeta>
    <wp:meta_key>jetpack_seo_html_title</wp:meta_key>
    <wp:meta_value><![CDATA[]]></wp:meta_value>
  </wp:postmeta>
  <wp:postmeta>
    <wp:meta_key>jetpack_seo_noindex</wp:meta_key>
    <wp:meta_value><![CDATA[]]></wp:meta_value>
  </wp:postmeta>
  <wp:postmeta>
    <wp:meta_key>_jetpack_post_was_ever_published</wp:meta_key>
    <wp:meta_value><![CDATA[]]></wp:meta_value>
  </wp:postmeta>
  <wp:postmeta>
    <wp:meta_key>reader_suggested_tags</wp:meta_key>
    <wp:meta_value><![CDATA[]]></wp:meta_value>
  </wp:postmeta>
  <wp:postmeta>
    <wp:meta_key>_starter_page_template</wp:meta_key>
    <wp:meta_value><![CDATA[services-3]]></wp:meta_value>
  </wp:postmeta>
  <wp:postmeta>
    <wp:meta_key>_wpcom_template_layout_category</wp:meta_key>
    <wp:meta_value><![CDATA[a:1:{i:0;s:8:"services";}]]></wp:meta_value>
  </wp:postmeta>
  <wp:postmeta>
    <wp:meta_key>footnotes</wp:meta_key>
    <wp:meta_value><![CDATA[]]></wp:meta_value>
  </wp:postmeta>
  <wp:postmeta>
    <wp:meta_key>_elasticsearch_data_sharing_indexed_on</wp:meta_key>
    <wp:meta_value><![CDATA[2025-02-14 00:29:33]]></wp:meta_value>
  </wp:postmeta>
</item>
<item>
  <title><![CDATA[MOCKUP]]></title>
  <link>https://mateogavilanes.wordpress.com/sobre-mi/mockup/</link>
  <pubDate>Thu, 13 Feb 2025 23:37:57 +0000</pubDate>
  <dc:creator>mateoochoa2510</dc:creator>
  <guid isPermaLink="false">http://mateogavilanes.files.wordpress.com/2025/02/mockup.png</guid>
  <description/>
  <content:encoded><![CDATA[]]></content:encoded>
  <excerpt:encoded><![CDATA[]]></excerpt:encoded>
  <wp:post_id>31</wp:post_id>
  <wp:post_date>2025-02-13 18:37:57</wp:post_date>
  <wp:post_date_gmt>2025-02-13 23:37:57</wp:post_date_gmt>
  <wp:post_modified>2025-02-13 18:37:57</wp:post_modified>
  <wp:post_modified_gmt>2025-02-13 23:37:57</wp:post_modified_gmt>
  <wp:comment_status>open</wp:comment_status>
  <wp:ping_status>closed</wp:ping_status>
  <wp:post_name>mockup</wp:post_name>
  <wp:status>inherit</wp:status>
  <wp:post_parent>29</wp:post_parent>
  <wp:menu_order>0</wp:menu_order>
  <wp:post_type>attachment</wp:post_type>
  <wp:post_password/>
  <wp:is_sticky>0</wp:is_sticky>
  <wp:attachment_url>https://mateogavilanes.wordpress.com/wp-content/uploads/2025/02/mockup.png</wp:attachment_url>
  <wp:postmeta>
    <wp:meta_key>_wp_attached_file</wp:meta_key>
    <wp:meta_value><![CDATA[/home/wpcom/public_html/wp-content/blogs.dir/757/241240320/files/2025/02/mockup.png]]></wp:meta_value>
  </wp:postmeta>
  <wp:postmeta>
    <wp:meta_key>_wp_attachment_metadata</wp:meta_key>
    <wp:meta_value><![CDATA[a:6:{s:5:"width";i:1920;s:6:"height";i:1080;s:4:"file";s:83:"/home/wpcom/public_html/wp-content/blogs.dir/757/241240320/files/2025/02/mockup.png";s:8:"filesize";i:1180783;s:5:"sizes";a:0:{}s:10:"image_meta";a:12:{s:8:"aperture";s:1:"0";s:6:"credit";s:0:"";s:6:"camera";s:0:"";s:7:"caption";s:0:"";s:17:"created_timestamp";s:1:"0";s:9:"copyright";s:0:"";s:12:"focal_length";s:1:"0";s:3:"iso";s:1:"0";s:13:"shutter_speed";s:1:"0";s:5:"title";s:0:"";s:11:"orientation";s:1:"0";s:8:"keywords";a:0:{}}}]]></wp:meta_value>
  </wp:postmeta>
</item>
<item>
  <title><![CDATA[Wordpress]]></title>
  <link>https://mateogavilanes.wordpress.com/sobre-mi/wordpress/</link>
  <pubDate>Fri, 14 Feb 2025 00:16:11 +0000</pubDate>
  <dc:creator>mateoochoa2510</dc:creator>
  <guid isPermaLink="false">http://mateogavilanes.files.wordpress.com/2025/02/wordpress.png</guid>
  <description/>
  <content:encoded><![CDATA[]]></content:encoded>
  <excerpt:encoded><![CDATA[]]></excerpt:encoded>
  <wp:post_id>34</wp:post_id>
  <wp:post_date>2025-02-13 19:16:11</wp:post_date>
  <wp:post_date_gmt>2025-02-14 00:16:11</wp:post_date_gmt>
  <wp:post_modified>2025-02-13 19:16:11</wp:post_modified>
  <wp:post_modified_gmt>2025-02-14 00:16:11</wp:post_modified_gmt>
  <wp:comment_status>open</wp:comment_status>
  <wp:ping_status>closed</wp:ping_status>
  <wp:post_name>wordpress</wp:post_name>
  <wp:status>inherit</wp:status>
  <wp:post_parent>29</wp:post_parent>
  <wp:menu_order>0</wp:menu_order>
  <wp:post_type>attachment</wp:post_type>
  <wp:post_password/>
  <wp:is_sticky>0</wp:is_sticky>
  <wp:attachment_url>https://mateogavilanes.wordpress.com/wp-content/uploads/2025/02/wordpress.png</wp:attachment_url>
  <wp:postmeta>
    <wp:meta_key>_wp_attached_file</wp:meta_key>
    <wp:meta_value><![CDATA[/home/wpcom/public_html/wp-content/blogs.dir/757/241240320/files/2025/02/wordpress.png]]></wp:meta_value>
  </wp:postmeta>
  <wp:postmeta>
    <wp:meta_key>_wp_attachment_metadata</wp:meta_key>
    <wp:meta_value><![CDATA[a:6:{s:5:"width";i:1920;s:6:"height";i:1080;s:4:"file";s:86:"/home/wpcom/public_html/wp-content/blogs.dir/757/241240320/files/2025/02/wordpress.png";s:8:"filesize";i:905696;s:5:"sizes";a:0:{}s:10:"image_meta";a:12:{s:8:"aperture";s:1:"0";s:6:"credit";s:0:"";s:6:"camera";s:0:"";s:7:"caption";s:0:"";s:17:"created_timestamp";s:1:"0";s:9:"copyright";s:0:"";s:12:"focal_length";s:1:"0";s:3:"iso";s:1:"0";s:13:"shutter_speed";s:1:"0";s:5:"title";s:0:"";s:11:"orientation";s:1:"0";s:8:"keywords";a:0:{}}}]]></wp:meta_value>
  </wp:postmeta>
</item>
<item>
  <title><![CDATA[Wordpress]]></title>
  <link>https://mateogavilanes.wordpress.com/sobre-mi/wordpress-2/</link>
  <pubDate>Fri, 14 Feb 2025 00:17:42 +0000</pubDate>
  <dc:creator>mateoochoa2510</dc:creator>
  <guid isPermaLink="false">http://mateogavilanes.files.wordpress.com/2025/02/wordpress-1.png</guid>
  <description/>
  <content:encoded><![CDATA[]]></content:encoded>
  <excerpt:encoded><![CDATA[]]></excerpt:encoded>
  <wp:post_id>35</wp:post_id>
  <wp:post_date>2025-02-13 19:17:42</wp:post_date>
  <wp:post_date_gmt>2025-02-14 00:17:42</wp:post_date_gmt>
  <wp:post_modified>2025-02-13 19:17:42</wp:post_modified>
  <wp:post_modified_gmt>2025-02-14 00:17:42</wp:post_modified_gmt>
  <wp:comment_status>open</wp:comment_status>
  <wp:ping_status>closed</wp:ping_status>
  <wp:post_name>wordpress-2</wp:post_name>
  <wp:status>inherit</wp:status>
  <wp:post_parent>29</wp:post_parent>
  <wp:menu_order>0</wp:menu_order>
  <wp:post_type>attachment</wp:post_type>
  <wp:post_password/>
  <wp:is_sticky>0</wp:is_sticky>
  <wp:attachment_url>https://mateogavilanes.wordpress.com/wp-content/uploads/2025/02/wordpress-1.png</wp:attachment_url>
  <wp:postmeta>
    <wp:meta_key>_wp_attached_file</wp:meta_key>
    <wp:meta_value><![CDATA[/home/wpcom/public_html/wp-content/blogs.dir/757/241240320/files/2025/02/wordpress-1.png]]></wp:meta_value>
  </wp:postmeta>
  <wp:postmeta>
    <wp:meta_key>_wp_attachment_metadata</wp:meta_key>
    <wp:meta_value><![CDATA[a:6:{s:5:"width";i:1920;s:6:"height";i:1080;s:4:"file";s:88:"/home/wpcom/public_html/wp-content/blogs.dir/757/241240320/files/2025/02/wordpress-1.png";s:8:"filesize";i:458623;s:5:"sizes";a:0:{}s:10:"image_meta";a:12:{s:8:"aperture";s:1:"0";s:6:"credit";s:0:"";s:6:"camera";s:0:"";s:7:"caption";s:0:"";s:17:"created_timestamp";s:1:"0";s:9:"copyright";s:0:"";s:12:"focal_length";s:1:"0";s:3:"iso";s:1:"0";s:13:"shutter_speed";s:1:"0";s:5:"title";s:0:"";s:11:"orientation";s:1:"0";s:8:"keywords";a:0:{}}}]]></wp:meta_value>
  </wp:postmeta>
</item>
<item>
  <title><![CDATA[Blogger]]></title>
  <link>https://mateogavilanes.wordpress.com/sobre-mi/blogger/</link>
  <pubDate>Fri, 14 Feb 2025 00:19:15 +0000</pubDate>
  <dc:creator>mateoochoa2510</dc:creator>
  <guid isPermaLink="false">http://mateogavilanes.files.wordpress.com/2025/02/blogger.png</guid>
  <description/>
  <content:encoded><![CDATA[]]></content:encoded>
  <excerpt:encoded><![CDATA[]]></excerpt:encoded>
  <wp:post_id>36</wp:post_id>
  <wp:post_date>2025-02-13 19:19:15</wp:post_date>
  <wp:post_date_gmt>2025-02-14 00:19:15</wp:post_date_gmt>
  <wp:post_modified>2025-02-13 19:19:15</wp:post_modified>
  <wp:post_modified_gmt>2025-02-14 00:19:15</wp:post_modified_gmt>
  <wp:comment_status>open</wp:comment_status>
  <wp:ping_status>closed</wp:ping_status>
  <wp:post_name>blogger</wp:post_name>
  <wp:status>inherit</wp:status>
  <wp:post_parent>29</wp:post_parent>
  <wp:menu_order>0</wp:menu_order>
  <wp:post_type>attachment</wp:post_type>
  <wp:post_password/>
  <wp:is_sticky>0</wp:is_sticky>
  <wp:attachment_url>https://mateogavilanes.wordpress.com/wp-content/uploads/2025/02/blogger.png</wp:attachment_url>
  <wp:postmeta>
    <wp:meta_key>_wp_attached_file</wp:meta_key>
    <wp:meta_value><![CDATA[/home/wpcom/public_html/wp-content/blogs.dir/757/241240320/files/2025/02/blogger.png]]></wp:meta_value>
  </wp:postmeta>
  <wp:postmeta>
    <wp:meta_key>_wp_attachment_metadata</wp:meta_key>
    <wp:meta_value><![CDATA[a:6:{s:5:"width";i:1920;s:6:"height";i:1080;s:4:"file";s:84:"/home/wpcom/public_html/wp-content/blogs.dir/757/241240320/files/2025/02/blogger.png";s:8:"filesize";i:356239;s:5:"sizes";a:0:{}s:10:"image_meta";a:12:{s:8:"aperture";s:1:"0";s:6:"credit";s:0:"";s:6:"camera";s:0:"";s:7:"caption";s:0:"";s:17:"created_timestamp";s:1:"0";s:9:"copyright";s:0:"";s:12:"focal_length";s:1:"0";s:3:"iso";s:1:"0";s:13:"shutter_speed";s:1:"0";s:5:"title";s:0:"";s:11:"orientation";s:1:"0";s:8:"keywords";a:0:{}}}]]></wp:meta_value>
  </wp:postmeta>
</item>
<item>
  <title><![CDATA[Miro]]></title>
  <link>https://mateogavilanes.wordpress.com/sobre-mi/miro/</link>
  <pubDate>Fri, 14 Feb 2025 00:24:13 +0000</pubDate>
  <dc:creator>mateoochoa2510</dc:creator>
  <guid isPermaLink="false">http://mateogavilanes.files.wordpress.com/2025/02/miro.png</guid>
  <description/>
  <content:encoded><![CDATA[]]></content:encoded>
  <excerpt:encoded><![CDATA[]]></excerpt:encoded>
  <wp:post_id>37</wp:post_id>
  <wp:post_date>2025-02-13 19:24:13</wp:post_date>
  <wp:post_date_gmt>2025-02-14 00:24:13</wp:post_date_gmt>
  <wp:post_modified>2025-02-13 19:24:13</wp:post_modified>
  <wp:post_modified_gmt>2025-02-14 00:24:13</wp:post_modified_gmt>
  <wp:comment_status>open</wp:comment_status>
  <wp:ping_status>closed</wp:ping_status>
  <wp:post_name>miro</wp:post_name>
  <wp:status>inherit</wp:status>
  <wp:post_parent>29</wp:post_parent>
  <wp:menu_order>0</wp:menu_order>
  <wp:post_type>attachment</wp:post_type>
  <wp:post_password/>
  <wp:is_sticky>0</wp:is_sticky>
  <wp:attachment_url>https://mateogavilanes.wordpress.com/wp-content/uploads/2025/02/miro.png</wp:attachment_url>
  <wp:postmeta>
    <wp:meta_key>_wp_attached_file</wp:meta_key>
    <wp:meta_value><![CDATA[/home/wpcom/public_html/wp-content/blogs.dir/757/241240320/files/2025/02/miro.png]]></wp:meta_value>
  </wp:postmeta>
  <wp:postmeta>
    <wp:meta_key>_wp_attachment_metadata</wp:meta_key>
    <wp:meta_value><![CDATA[a:6:{s:5:"width";i:1920;s:6:"height";i:1080;s:4:"file";s:81:"/home/wpcom/public_html/wp-content/blogs.dir/757/241240320/files/2025/02/miro.png";s:8:"filesize";i:164802;s:5:"sizes";a:0:{}s:10:"image_meta";a:12:{s:8:"aperture";s:1:"0";s:6:"credit";s:0:"";s:6:"camera";s:0:"";s:7:"caption";s:0:"";s:17:"created_timestamp";s:1:"0";s:9:"copyright";s:0:"";s:12:"focal_length";s:1:"0";s:3:"iso";s:1:"0";s:13:"shutter_speed";s:1:"0";s:5:"title";s:0:"";s:11:"orientation";s:1:"0";s:8:"keywords";a:0:{}}}]]></wp:meta_value>
  </wp:postmeta>
</item>
  </channel>
</rss>
